text,label,intent,is_seed,text_clean
"das isch eifach nur nervig, ehrlich",negativ,beschwerde,True,das isch eifach nur nervig ehrlich
"jedes mol läuft öppis schief, ich cha nüm",negativ,beschwerde,True,jedes mol laeuft oeppis schief ich chan nuem
ich ha langsam schnauze voll vo dem chaos,negativ,beschwerde,True,ich ha langsam schnauze voll vo dem chaos
ich werd no wahnsinnig mit dem ganze hin und her,negativ,beschwerde,True,ich werd no wahnsinnig mit dem ganze hin und her
alles zieht sich so unglaublich i d länge,negativ,beschwerde,True,alles zieht sich so unglaublich i d laenge
"es chunt mer vor, als nähm das niemert ernst",negativ,beschwerde,True,es chunt mer vor als naehm das niemert ernst
ich bi so müed vo dem ständige stress,negativ,beschwerde,True,ich bi so mueed vo dem staendige stress
"nüt funktioniert, wie s eigentlich sött",negativ,beschwerde,True,nuet funktioniert wie s eigentlich soett
jedes problem macht grad no meh problem,negativ,beschwerde,True,jedes problem macht grad no meh problem
"ich ha s gefühl, kei mensch denkt das richtig dür",negativ,beschwerde,True,ich ha s gefuehl kei mensch denkt das richtig duer
ich bi gopfertami so enttäuscht,negativ,beschwerde,True,ich bi gopfertami so enttaeuscht
"ich würd mir eifach mol öppis wünschen, wo klappt",negativ,beschwerde,True,ich wuerd mir eifach mol oeppis wuenschen wo klappt
immer mues irgendöppis daneben gah,negativ,beschwerde,True,immer mues irgendoeppis daneben gah
es regt mi nur no uf,negativ,beschwerde,True,es regt mi nur no uf
mini geduld isch definitiv am end,negativ,beschwerde,True,mini geduld isch definitiv am end
ich cha das theater nüm bsorge,negativ,beschwerde,True,ich chan das theater nuem bsorge
ich ha kei nerv meh für so unorganisierts zeug,negativ,beschwerde,True,ich ha kei nerv meh fuer so unorganisierts zeug
es chunnt mer vor wie pure inkompetenz,negativ,beschwerde,True,es chunnt mer vor wie pure inkompetenz
jedes mol müemer vo vorne aafange,negativ,beschwerde,True,jedes mol mueemer vo vorne aafange
"ich bi scho wieder am motze, aber s isch würkli müehsam",negativ,beschwerde,True,ich bi scho wieder am motze aber s isch wuerkli mueehsam
wieso isch das immer so kompliziert?,negativ,beschwerde,True,wieso isch das immer so kompliziert
"ich ha s gfühl, d sache werde eher schlechter als besser",negativ,beschwerde,True,ich ha s gfuehl d sache werde eher schlechter als besser
d ganze situation isch nur frustrierend,negativ,beschwerde,True,d ganze situation isch nur frustrierend
ich mues mi jedes mol über öppis anders ufrege,negativ,beschwerde,True,ich mues mi jedes mol ueber oeppis anders ufrege
chönt mer das nöd eifach mol gscheit mache?,negativ,beschwerde,True,choent mer das ned eifach mol gscheit mache
"ich verstah nöd, wieso das so schwierig isch",negativ,beschwerde,True,ich verstah noed wieso das so schwierig isch
"ich glaub langsam nüm, dass das jemals richtig lauft",negativ,beschwerde,True,ich glaub langsam nuem dass das jemals richtig lauft
jedes update macht s eher schlimmer,negativ,beschwerde,True,jedes update macht s eher schlimmer
"immer wenn ich hoffig ha, passiert öppis blöds",negativ,beschwerde,True,immer wenn ich hoffig ha passiert oeppis bloeds
ich bi eifach nur no genervt vo dem,negativ,beschwerde,True,ich bi eifach nur no genervt vo dem
"ich weiss nöd, wie lang ich das no pack",negativ,frust,True,ich weiss noed wie lang ich das no pack
ich fühl mi grad komplett fertig,negativ,frust,True,ich fuehl mi grad komplett fertig
ich cha mi nüm motiviere für öppis,negativ,frust,True,ich chan mi nuem motiviere fuer oeppis
alles isch mir grad z viel,negativ,frust,True,alles isch mir grad z viel
ich würd am liebschte alles hinschmeisse,negativ,frust,True,ich wuerd am liebschte alles hinschmeisse
"ich ha s gfühl, ich dreh mi im churzschlus",negativ,frust,True,ich ha s gfuehl ich dreh mi im churzschlus
ich ha null energie im momänt,negativ,frust,True,ich ha null energie im momaent
"ich kämpf und kämpf, aber es bringt nüt",negativ,frust,True,ich kaempf und kaempf aber es bringt nuet
"ich weiss nöd, wo ich ahfange söll",negativ,frust,True,ich weiss noed wo ich ahfange soell
ich fühl mi wie blockiert,negativ,frust,True,ich fuehl mi wie blockiert
es isch alles so schwer grad,negativ,frust,True,es isch alles so schwer grad
ich bi mega dünnhuutit im momänt,negativ,frust,True,ich bi mega duennhuutit im momaent
"ich ha s gfühl, alles lauft gegen mi",negativ,frust,True,ich ha s gfuehl alles lauft gegen mi
nüt gelingt mir richtig,negativ,frust,True,nuet gelingt mir richtig
"ich würd gärn pause mache, aber s gaht nöd",negativ,frust,True,ich wuerd gaern pause mache aber s gaht ned
"ich ha kei plan meh, wie wiiter",negativ,frust,True,ich ha kei plan meh wie wiiter
ich wott eifach chli ruhe ha,negativ,frust,True,ich wott eifach chli ruhe ha
ich fühl mi überrollt vo allem,negativ,frust,True,ich fuehl mi ueberrollt vo allem
"ich cha nüm so tuen, als wär alles easy",negativ,frust,True,ich chan nuem so tuen als waer alles easy
ich bi voll im kopfchaos,negativ,frust,True,ich bi voll im kopfchaos
"ich wünschte, ich chönnt endlich abschalte",negativ,frust,True,ich wuenschte ich choennt endlich abschalte
"ich weiss nöd, wieso ich grad so struggl",negativ,frust,True,ich weiss noed wieso ich grad so struggl
"ich würd gern positiv bliibe, aber s goht nöd",negativ,frust,True,ich wuerd gern positiv bliibe aber s goht ned
ich fühl mi mega lost im momänt,negativ,frust,True,ich fuehl mi mega lost im momaent
jede chliini sache stresst mi übertriebe,negativ,frust,True,jede chliini sache stresst mi uebertriebe
"ich ha s gfühl, ich mach nüt richtig",negativ,frust,True,ich ha s gfuehl ich mach nuet richtig
ich würd so gärn es reset drücke,negativ,frust,True,ich wuerd so gaern es reset druecke
ich fühl mi brutal überfodert,negativ,frust,True,ich fuehl mi brutal ueberfodert
ich ha mini emotionen nüm im griff,negativ,frust,True,ich ha mini emotionen nuem im griff
ich bruch dringend chli entlastig,negativ,frust,True,ich bruch dringend chli entlastig
"chasch mir bitte erklärä, wie das goht? ich chum nöd drus",negativ,hilfe_bitten,True,chasch mir bitte erklaerae wie das goht ich chum ned drus
"ich bruch öpper, wo mir das Schritt für Schritt zeigt",negativ,hilfe_bitten,True,ich bruch oepper wo mir das schritt fuer schritt zeigt
"ich bi komplett lost, chasch mir helfe?",negativ,hilfe_bitten,True,ich bi komplett lost chasch mir helfe
"sorry, aber ich verstand das gar nöd",negativ,hilfe_bitten,True,sorry aber ich verstand das gar ned
"hesch chli zit, mir das kurz z erkläre?",negativ,hilfe_bitten,True,hesch chli zit mir das kurz z erklaere
"ich weiss nöd, wo ich söll aafange",negativ,hilfe_bitten,True,ich weiss noed wo ich soell aafange
"chasch mir en tipp geh, wie ich das löse?",negativ,hilfe_bitten,True,chasch mir en tipp geh wie ich das loese
"ich versteh s nöd ganz, chasch das anders usdrücke?",negativ,hilfe_bitten,True,ich versteh s ned ganz chasch das anders usdruecke
ich bruuch e chli guidance,negativ,hilfe_bitten,True,ich bruuch e chli guidance
"chasch mir das vormache, bitte?",negativ,hilfe_bitten,True,chasch mir das vormache bitte
ich han paar frage – hesch kurz zeit?,negativ,hilfe_bitten,True,ich han paar frage hesch kurz zeit
"ich versuech s, aber ich schnapp s nöd",negativ,hilfe_bitten,True,ich versuech s aber ich schnapp s ned
"wär mega, wenn du mir da chönntisch ushelfe",negativ,hilfe_bitten,True,waer mega wenn du mir da choenntisch ushelfe
"ich bi überforderet, chasch es mir erläuterä?",negativ,hilfe_bitten,True,ich bi ueberforderet chasch es mir erlaeuterae
"ich weiss nöd, öb ich s richtig mache",negativ,hilfe_bitten,True,ich weiss noed oeb ich s richtig mache
chöntisch mir e beispiel geh?,negativ,hilfe_bitten,True,choentisch mir e beispiel geh
"ich würd s gern checke, aber mir fehlt dä überblick",negativ,hilfe_bitten,True,ich wuerd s gern checke aber mir fehlt dae ueberblick
chasch mir s grob zämäfasse?,negativ,hilfe_bitten,True,chasch mir s grob zaemaefasse
"ich bi unsicher, chasch du drüber luege?",negativ,hilfe_bitten,True,ich bi unsicher chasch du drueber luege
ich bruch nur es chli unterstützig,negativ,hilfe_bitten,True,ich bruch nur es chli unterstuetzig
chasch mir s laufe kurz erklärä?,negativ,hilfe_bitten,True,chasch mir s laufe kurz erklaerae
ich bi komplett dra vorbeigfahre – chasch mir helfe?,negativ,hilfe_bitten,True,ich bi komplett dra vorbeigfahre chasch mir helfe
"ich ha dä schritt nöd verstanden, chasch?",negativ,hilfe_bitten,True,ich ha dae schritt ned verstanden chasch
"ich probiers, aber es klappt nöd, chasch du?",negativ,hilfe_bitten,True,ich probiers aber es klappt noed chasch du
"ich bruch en hinwiis, wie das funktioniert",negativ,hilfe_bitten,True,ich bruch en hinwiis wie das funktioniert
"chasch du mir s vormache, wie mer das richtig macht?",negativ,hilfe_bitten,True,chasch du mir s vormache wie mer das richtig macht
"ich kämpf grad, chasch es mir bitte erläutere?",negativ,hilfe_bitten,True,ich kaempf grad chasch es mir bitte erlaeutere
chasch mir s eifacher erkläre?,negativ,hilfe_bitten,True,chasch mir s eifacher erklaere
ich bruch en zweite blick druf,negativ,hilfe_bitten,True,ich bruch en zweite blick druf
"ich kapier s nöd, chasch du mir helfe?",negativ,hilfe_bitten,True,ich kapier s noed chasch du mir helfe
alles isch grad mega hektisch,negativ,stress_alltag,True,alles isch grad mega hektisch
ich renn de ganze tag ume,negativ,stress_alltag,True,ich renn de ganze tag ume
ich ha kei minute für mich selber,negativ,stress_alltag,True,ich ha kei minute fuer mich selber
es tuet sich immer meh ufstaple,negativ,stress_alltag,True,es tuet sich immer meh ufstaple
"ich weiss nöd, wie ich alles in de tag packe söll",negativ,stress_alltag,True,ich weiss noed wie ich alles in de tag packe soell
"ich ha s gfühl, ich bin nume am funktioniere",negativ,stress_alltag,True,ich ha s gfuehl ich bi nume am funktioniere
mini agenda isch komplett überfüllt,negativ,stress_alltag,True,mini agenda isch komplett ueberfuellt
ich chum kaum no zum durchatme,negativ,stress_alltag,True,ich chum kaum no zum durchatme
jedes mol chunnt öppis neus debi,negativ,stress_alltag,True,jedes mol chunnt oeppis neus debi
ich bruch dringend ruhe,negativ,stress_alltag,True,ich bruch dringend ruhe
ich bi scho am morn gestresst,negativ,stress_alltag,True,ich bi scho am morn gestresst
ich bin nur am rölle de ganz tag,negativ,stress_alltag,True,ich bi nur am roelle de ganz tag
es schlägt mir langsam uf s gemüt,negativ,stress_alltag,True,es schlaegt mir langsam uf s gemuet
ich ha kei puffer meh,negativ,stress_alltag,True,ich ha kei puffer meh
"ich ha s gfühl, ich ha kei kontrolle meh",negativ,stress_alltag,True,ich ha s gfuehl ich ha kei kontrolle meh
ich bi immer e schritt z spoot,negativ,stress_alltag,True,ich bi immer e schritt z spoot
"ich ha s gfühl, ich lebe nume no im stressmodus",negativ,stress_alltag,True,ich ha s gfuehl ich lebe nume no im stressmodus
"ich bi nüm fähig, richtig abzuschalte",negativ,stress_alltag,True,ich bi nuem faehig richtig abzuschalte
ich würd gern mal e chli ruhe ha,negativ,stress_alltag,True,ich wuerd gern mal e chli ruhe ha
ich ha grad vil z vil uf em tisch,negativ,stress_alltag,True,ich ha grad vil z vil uf em tisch
ich han kei kopf frei für öppis anders,negativ,stress_alltag,True,ich han kei kopf frei fuer oeppis anders
ich bin komplett überlastet,negativ,stress_alltag,True,ich bi komplett ueberlastet
"ich weiss nöd, wie ich das tempo lang cha halte",negativ,stress_alltag,True,ich weiss noed wie ich das tempo lang chan halte
ich fühl mi nur no erschöpft,negativ,stress_alltag,True,ich fuehl mi nur no erschoepft
ich bruch dringend entschleunigung,negativ,stress_alltag,True,ich bruch dringend entschleunigung
ich bi am limit vo minere kapazität,negativ,stress_alltag,True,ich bi am limit vo minere kapazitaet
ich würd gern mol e tag ohni to-do-lischt ha,negativ,stress_alltag,True,ich wuerd gern mol e tag ohni to do lischt ha
ich kann mich grad uf nüt konzentriere,negativ,stress_alltag,True,ich kann mich grad uf nuet konzentriere
ich ha kei erholig zwüschet dur,negativ,stress_alltag,True,ich ha kei erholig zwueschet dur
ich kämpfe täglich mit dem stresslevel,negativ,stress_alltag,True,ich kaempfe taeglich mit dem stresslevel
mir händ scho wieder en riesen streit gha,negativ,konflikt,True,mir haend scho wieder en riesen streit gha
ich ha kei nerv meh für das ständige diskutiere,negativ,konflikt,True,ich ha kei nerv meh fuer das staendige diskutiere
jedes gspröch eskaliert instant,negativ,konflikt,True,jedes gsproech eskaliert instant
mir verstöhnd üs gar nüm,negativ,konflikt,True,mir verstoehnd ues gar nuem
alles driftet immer i d falschi richtig,negativ,konflikt,True,alles driftet immer i d falschi richtig
"ich ha s gfühl, mir reded komplett ane vorbei",negativ,konflikt,True,ich ha s gfuehl mir reded komplett ane vorbei
"ich weiss nöd, wie mer das löse sött",negativ,konflikt,True,ich weiss noed wie mer das loese soett
ich cha nüm immer dr vermittler spiele,negativ,konflikt,True,ich chan nuem immer dr vermittler spiele
mini geduld isch absolut am limit,negativ,konflikt,True,mini geduld isch absolut am limit
mer chönd nöd mol sachlich über s thema rede,negativ,konflikt,True,mer choend ned mol sachlich ueber s thema rede
es isch wie en endlosi schleife vo missverständnis,negativ,konflikt,True,es isch wie en endlosi schleife vo missverstaendnis
ich fühl mi nöd ernst gno i däm gspröch,negativ,konflikt,True,ich fuehl mi ned ernst gno i daem gsproech
ich bi müed vo dem ständige hin und her,negativ,konflikt,True,ich bi mueed vo dem staendige hin und her
"jedes mol chunnt öppis neus, wo alles schwieriger macht",negativ,konflikt,True,jedes mol chunnt oeppis neus wo alles schwieriger macht
"ich ha s gfühl, ich mues immer nachgeh",negativ,konflikt,True,ich ha s gfuehl ich mues immer nachgeh
mer finded kei gemeinsame basis meh,negativ,konflikt,True,mer finded kei gemeinsame basis meh
"ich weiss nöd, öb mer überhaupt no ufem gliiche level sind",negativ,konflikt,True,ich weiss noed oeb mer ueberhaupt no ufem gliiche level sind
min standpunkt wird ständig verdreht,negativ,konflikt,True,min standpunkt wird staendig verdreht
ich fühl mi nöd respektiert,negativ,konflikt,True,ich fuehl mi ned respektiert
"ich weiss nöd, was ich no söll probiere",negativ,konflikt,True,ich weiss noed was ich no soell probiere
d situation isch mega emotional ufglade,negativ,konflikt,True,d situation isch mega emotional ufglade
ich bi erschöpft vo all den diskussione,negativ,konflikt,True,ich bi erschoepft vo all den diskussione
es stimmt eifach nüt meh zwüschet üs,negativ,konflikt,True,es stimmt eifach nuet meh zwueschet ues
"ich ha angst, dass mer das nüm chönd flicke",negativ,konflikt,True,ich ha angst dass mer das nuem choend flicke
mer reagiered beidi übertriebe schnell,negativ,konflikt,True,mer reagiered beidi uebertriebe schnell
"ich würd gärn sachlich bliibe, aber s gelingt nöd",negativ,konflikt,True,ich wuerd gaern sachlich bliibe aber s gelingt ned
"ich weiss nöd, wohi das führt",negativ,konflikt,True,ich weiss noed wohi das fuehrt
niemer loset richtig zue,negativ,konflikt,True,niemer loset richtig zue
jedes mal endet s im frust,negativ,konflikt,True,jedes mal endet s im frust
"ich weiss grad nöd, wie mer da wieder usechöme",negativ,konflikt,True,ich weiss grad noed wie mer da wieder usechoeme
"ich ha s gfühl, ich bi nöd guet gnue",negativ,selbstzweifel,True,ich ha s gfuehl ich bi ned guet gnue
ich zweifle grad extrem a mir selber,negativ,selbstzweifel,True,ich zweifle grad extrem a mir selber
"ich weiss nöd, öb ich dä challenge würkli packe cha",negativ,selbstzweifel,True,ich weiss noed oeb ich dae challenge wuerkli packe chan
ich fühl mi häufig ungenüeg,negativ,selbstzweifel,True,ich fuehl mi haeufig ungenueeg
"ich ha angst, alles falsch z mache",negativ,selbstzweifel,True,ich ha angst alles falsch z mache
ich vergleiche mi immer und schneid schlecht ab,negativ,selbstzweifel,True,ich vergleiche mi immer und schneid schlecht ab
ich bremse mi selber ständig uus,negativ,selbstzweifel,True,ich bremse mi selber staendig uus
"ich weiss nöd, öb ich würkli öppis wert bi",negativ,selbstzweifel,True,ich weiss noed oeb ich wuerkli oeppis wert bi
ich fühl mi wie en riesigs fragezeiche,negativ,selbstzweifel,True,ich fuehl mi wie en riesigs fragezeiche
"ich bi nöd stolz uf das, was ich mach",negativ,selbstzweifel,True,ich bi ned stolz uf das was ich mach
"ich ha s gefühl, ich enttäusch alli",negativ,selbstzweifel,True,ich ha s gefuehl ich enttaeusch alli
"ich ha angst, dass ich nüm vorwärts chume",negativ,selbstzweifel,True,ich ha angst dass ich nuem vorwaerts chume
ich glaub nöd an mini eigete fähigkeit,negativ,selbstzweifel,True,ich glaub ned an mini eigete faehigkeit
ich fühl mi wie en versager,negativ,selbstzweifel,True,ich fuehl mi wie en versager
"ich weiss nöd, wieso ich so a mir zweifle",negativ,selbstzweifel,True,ich weiss noed wieso ich so a mir zweifle
jedes chliini problem bringt mi zum grüble,negativ,selbstzweifel,True,jedes chliini problem bringt mi zum grueble
ich würd gärn meh selbstvertroue ha,negativ,selbstzweifel,True,ich wuerd gaern meh selbstvertroue ha
"ich ha s gfühl, ich mach alles nur halb guet",negativ,selbstzweifel,True,ich ha s gfuehl ich mach alles nur halb guet
"ich weiss nöd, öb ich gut genug bi für dini erwartige",negativ,selbstzweifel,True,ich weiss noed oeb ich gut genug bi fuer dini erwartige
ich fühl mi oft fehl am platz,negativ,selbstzweifel,True,ich fuehl mi oft fehl am platz
"ich weiss nöd, wieso ich mir selber so im weg stah",negativ,selbstzweifel,True,ich weiss noed wieso ich mir selber so im weg stah
ich mach mir vil z viel druck,negativ,selbstzweifel,True,ich mach mir vil z viel druck
ich fühl mi mega verletzlich,negativ,selbstzweifel,True,ich fuehl mi mega verletzlich
"ich weiss nöd, öb ich s verdient ha",negativ,selbstzweifel,True,ich weiss noed oeb ich s verdient ha
ich ha angst vor fehler und drum probier ich nüüt uus,negativ,selbstzweifel,True,ich ha angst vor fehler und drum probier ich nueuet uus
ich fühl mi extrem unsicher im momänt,negativ,selbstzweifel,True,ich fuehl mi extrem unsicher im momaent
ich würd gern besser zu mir selber sii,negativ,selbstzweifel,True,ich wuerd gern besser zu mir selber sii
"ich ha s gfühl, ich bi nöd gnue für ander lüt",negativ,selbstzweifel,True,ich ha s gfuehl ich bi ned gnue fuer ander luet
ich kämpf viel mit minere innere kritikerstimme,negativ,selbstzweifel,True,ich kaempf viel mit minere innere kritikerstimme
"ich weiss grad nöd, wie ich us däm loch uschume",negativ,selbstzweifel,True,ich weiss grad noed wie ich us daem loch uschume
"im job isch grad extrem viel los, ich cha nüm",negativ,überforderung_job,True,im job isch grad extrem viel los ich chan nuem
"ich ha s gfühl, ich renn de ganze tag hinterher",negativ,überforderung_job,True,ich ha s gfuehl ich renn de ganze tag hinterher
"z vil ufträgi uf einisch, ich pack s nöd",negativ,überforderung_job,True,z vil uftraegi uf einisch ich pack s ned
"ich weiss nöd, wie ich das bewältige söll",negativ,überforderung_job,True,ich weiss noed wie ich das bewaeltige soell
mini arbeit wächst mir über d chopf,negativ,überforderung_job,True,mini arbeit waechst mir ueber d chopf
ich ha kei ressourcen meh für das,negativ,überforderung_job,True,ich ha kei ressourcen meh fuer das
ich bruch imfall dringend en break,negativ,überforderung_job,True,ich bruch im fall dringend en break
"ich ha s gfühl, ich brenn us",negativ,überforderung_job,True,ich ha s gfuehl ich brenn us
es chunnt immer meh debi und nüt wird weniger,negativ,überforderung_job,True,es chunnt immer meh debi und nuet wird weniger
ich stoss grad a mini grenzen,negativ,überforderung_job,True,ich stoss grad a mini grenzen
ich cha nüm klar denke vor lauter stress,negativ,überforderung_job,True,ich chan nuem klar denke vor lauter stress
mini to-do-lischt macht mi fertig,negativ,überforderung_job,True,mini to do lischt macht mi fertig
"ich würd gärn konzentriert schaffe, aber s gaht nöd",negativ,überforderung_job,True,ich wuerd gaern konzentriert schaffe aber s gaht ned
"ich ha angst, dass ich s nöd pack",negativ,überforderung_job,True,ich ha angst dass ich s ned pack
ich würd am liebschte alles kurz stoppe,negativ,überforderung_job,True,ich wuerd am liebschte alles kurz stoppe
ich bin extrem unter druck,negativ,überforderung_job,True,ich bi extrem unter druck
mini arbeit überforderet mi grad brutal,negativ,überforderung_job,True,mini arbeit ueberforderet mi grad brutal
"ich bruch unterstützig, aber es chunnt kei",negativ,überforderung_job,True,ich bruch unterstuetzig aber es chunnt kei
"ich ha immer eng termini, das stresst brutal",negativ,überforderung_job,True,ich ha immer eng termini das stresst brutal
ich cha nüm abschalte nach em schaffe,negativ,überforderung_job,True,ich chan nuem abschalte nach em schaffe
ich fühl mi überrollt vo de ufgabe,negativ,überforderung_job,True,ich fuehl mi ueberrollt vo de ufgabe
"ich ha s gfühl, alli erwarted z vil vo mir",negativ,überforderung_job,True,ich ha s gfuehl alli erwarted z vil vo mir
mini motivation isch am sinke,negativ,überforderung_job,True,mini motivation isch am sinke
"ich ha angst, dass ich öppis versaue",negativ,überforderung_job,True,ich ha angst dass ich oeppis versaue
"ich würd gärn usgleiche finde, aber schaff s nöd",negativ,überforderung_job,True,ich wuerd gaern usgleiche finde aber schaff s ned
"ich glaub, ich bin am absolute limit",negativ,überforderung_job,True,ich glaub ich bi am absolute limit
ich ha kei kontrolle meh über mini workload,negativ,überforderung_job,True,ich ha kei kontrolle meh ueber mini workload
ich chumm nüm zum pause mache,negativ,überforderung_job,True,ich chumm nuem zum pause mache
ich bi erschöpft vo dem jobstress,negativ,überforderung_job,True,ich bi erschoepft vo dem jobstress
"ich weiss nöd, wie lang ich das no so chume",negativ,überforderung_job,True,ich weiss noed wie lang ich das no so chume
ich mach mer grad mega sorgä um mini gesundheit,negativ,gesundheit_sorge,True,ich mach mer grad mega sorgae um mini gesundheit
"ich weiss nöd, wieso ich mich ständig komisch fühl",negativ,gesundheit_sorge,True,ich weiss noed wieso ich mich staendig komisch fuehl
"ich ha s gfühl, öppis stimmt nöd mit mir",negativ,gesundheit_sorge,True,ich ha s gfuehl oeppis stimmt ned mit mir
"ich ha symptome, wo mi verunsichere",negativ,gesundheit_sorge,True,ich ha symptome wo mi verunsichere
"ich ha angst, dass es öppis ernsthafts isch",negativ,gesundheit_sorge,True,ich ha angst dass es oeppis ernsthafts isch
"ich bin unsicher, öb ich zum arzt söll",negativ,gesundheit_sorge,True,ich bi unsicher oeb ich zum arzt soell
"ich bi ständig müed, das macht mi fertig",negativ,gesundheit_sorge,True,ich bi staendig mueed das macht mi fertig
ich fühl mi körperlich instabil,negativ,gesundheit_sorge,True,ich fuehl mi koerperlich instabil
ich ha immer wieder unruh im körper,negativ,gesundheit_sorge,True,ich ha immer wieder unruh im koerper
ich mach mi verrückt mit gedanke,negativ,gesundheit_sorge,True,ich mach mi verrueckt mit gedanke
"ich ha s gfühl, mis imunsystem spinnt",negativ,gesundheit_sorge,True,ich ha s gfuehl mis imunsystem spinnt
"ich weiss nöd, wo d ursach isch",negativ,gesundheit_sorge,True,ich weiss noed wo d ursach isch
"ich ha angst, dass es schlimmer wird",negativ,gesundheit_sorge,True,ich ha angst dass es schlimmer wird
"ich weiss nöd, wie ich das einschätze söll",negativ,gesundheit_sorge,True,ich weiss noed wie ich das einschaetze soell
ich fühl mi unwohl und kenn de grund nöd,negativ,gesundheit_sorge,True,ich fuehl mi unwohl und kenn de grund ned
ich schlaf schlecht und das stresst mi,negativ,gesundheit_sorge,True,ich schlaf schlecht und das stresst mi
"ich bi dauernd erschöpft, das macht mir angst",negativ,gesundheit_sorge,True,ich bi dauernd erschoepft das macht mir angst
"ich ha symptome, wo ich nöd einordne cha",negativ,gesundheit_sorge,True,ich ha symptome wo ich ned einordne chan
ich fühl mi nöd wie ich selber,negativ,gesundheit_sorge,True,ich fuehl mi ned wie ich selber
"ich ha angst vor dem, was chönnt sii",negativ,gesundheit_sorge,True,ich ha angst vor dem was choennt sii
ich ha d ganze zit druck im chopf,negativ,gesundheit_sorge,True,ich ha d ganze zit druck im chopf
"ich ha s gefühl, mis körpergefühl stimmt nöd",negativ,gesundheit_sorge,True,ich ha s gefuehl mis koerpergefuehl stimmt ned
ich mach mer ständig gedanke über jede kleinigkeite,negativ,gesundheit_sorge,True,ich mach mer staendig gedanke ueber jede kleinigkeite
"ich ha gärn ruhe, aber d angst bleibt",negativ,gesundheit_sorge,True,ich ha gaern ruhe aber d angst bleibt
"ich ha schiss, dass ich öppis überseh",negativ,gesundheit_sorge,True,ich ha schiss dass ich oeppis ueberseh
"ich weiss nöd, wie lang das no so goht",negativ,gesundheit_sorge,True,ich weiss noed wie lang das no so goht
ich fühl mi körperlich mega angeschlage,negativ,gesundheit_sorge,True,ich fuehl mi koerperlich mega angeschlage
"ich ha angst, dass es nöd besser wird",negativ,gesundheit_sorge,True,ich ha angst dass es ned besser wird
"ich spür, dass öppis im ungleichgwicht isch",negativ,gesundheit_sorge,True,ich spuer dass oeppis im ungleichgwicht isch
"ich würd gern wüsse, was genau los isch",negativ,gesundheit_sorge,True,ich wuerd gern wuesse was genau los isch
ich bi grad richtig enttäuscht vo dere person,negativ,enttäuschung_beziehung,True,ich bi grad richtig enttaeuscht vo dere person
"ich ha s gfühl, ich bi nöd priorität für sie",negativ,enttäuschung_beziehung,True,ich ha s gfuehl ich bi ned prioritaet fuer sie
"sie händ wieder nüd ernst gnoh, obwohl mer abgmacht händ",negativ,enttäuschung_beziehung,True,sie haend wieder nued ernst gnoh obwohl mer abgmacht haend
mini erwartige sind gar nöd erfüllt worde,negativ,enttäuschung_beziehung,True,mini erwartige sind gar ned erfuellt worde
ich ha vil investiert und wenig zrugg übercho,negativ,enttäuschung_beziehung,True,ich ha vil investiert und wenig zrugg uebercho
ich fühl mi i dere beziehig nöd wahrgnuu,negativ,enttäuschung_beziehung,True,ich fuehl mi i dere beziehig ned wahrgnuu
"ich weiss nöd, öb mer no am gliiche ort sind",negativ,enttäuschung_beziehung,True,ich weiss noed oeb mer no am gliiche ort sind
ich ha s vertroue chli verlore,negativ,enttäuschung_beziehung,True,ich ha s vertroue chli verlore
ich bi traurig über d entwicklung vo dem ganze,negativ,enttäuschung_beziehung,True,ich bi traurig ueber d entwicklung vo dem ganze
"ich ha s gfühl, ich bedeut nüm so vil wie früener",negativ,enttäuschung_beziehung,True,ich ha s gfuehl ich bedeut nuem so vil wie frueener
"ich würd mir meh achtig wünsche, aber es chunt nüd",negativ,enttäuschung_beziehung,True,ich wuerd mir meh achtig wuensche aber es chunt nued
"ich ha s gfühl, mini bemüehige werde ignoriert",negativ,enttäuschung_beziehung,True,ich ha s gfuehl mini bemueehige werde ignoriert
"ich weiss nöd, wieso alles so distanziert worde isch",negativ,enttäuschung_beziehung,True,ich weiss noed wieso alles so distanziert worde isch
"ich bi verletzt, wie wenig rücksicht gnue wird",negativ,enttäuschung_beziehung,True,ich bi verletzt wie wenig ruecksicht gnue wird
"ich ha immer wieder hoffnig, aber sie zerschlägt sich",negativ,enttäuschung_beziehung,True,ich ha immer wieder hoffnig aber sie zerschlaegt sich
"ich würd gern es gspröch führe, aber es chunt nie zäme",negativ,enttäuschung_beziehung,True,ich wuerd gern es gsproech fuehre aber es chunt nie zaeme
ich fühl mi allei i dere verbindig,negativ,enttäuschung_beziehung,True,ich fuehl mi allei i dere verbindig
"ich weiss nöd, wieso s plötzlich so anders isch",negativ,enttäuschung_beziehung,True,ich weiss noed wieso s ploetzlich so anders isch
"ich bi enttäuscht, dass kei initiative vo dere site chunnt",negativ,enttäuschung_beziehung,True,ich bi enttaeuscht dass kei initiative vo dere site chunnt
"ich ha s gfühl, mini gefühle werde nöd ernst gno",negativ,enttäuschung_beziehung,True,ich ha s gfuehl mini gefuehle werde ned ernst gno
"es het nüd meh vo dem, was s mol gsi isch",negativ,enttäuschung_beziehung,True,es het nued meh vo dem was s mol gsi isch
"ich ha angst, dass s nüm besser wird",negativ,enttäuschung_beziehung,True,ich ha angst dass s nuem besser wird
"ich ha s gfühl, ich kämpf allai für die beziehig",negativ,enttäuschung_beziehung,True,ich ha s gfuehl ich kaempf allai fuer die beziehig
ich bi müed vom ständigem probiere,negativ,enttäuschung_beziehung,True,ich bi mueed vom staendigem probiere
ich fühl mi unersetzbar und nöd wichtig,negativ,enttäuschung_beziehung,True,ich fuehl mi unersetzbar und ned wichtig
"ich weiss nöd, wie lang ich das no cha",negativ,enttäuschung_beziehung,True,ich weiss noed wie lang ich das no chan
"ich bruch eigentlich nächi, aber ich spür distanz",negativ,enttäuschung_beziehung,True,ich bruch eigentlich naechi aber ich spuer distanz
"ich würd gern vertroue, aber es fällt mer schwer",negativ,enttäuschung_beziehung,True,ich wuerd gern vertroue aber es faellt mer schwer
"ich ha s gfühl, ich bi nur option und nöd wichtig",negativ,enttäuschung_beziehung,True,ich ha s gfuehl ich bi nur option und ned wichtig
"ich bi verletzt, wie wenig si zeigt, dass es ihr was bedeutet",negativ,enttäuschung_beziehung,True,ich bi verletzt wie wenig si zeigt dass es ihr was bedeutet
ich fühl mi imfall mega einsam grad,negativ,einsamkeit,True,ich fuehl mi im fall mega einsam grad
"au wenn lüt um mich sind, fühl ich mi allei",negativ,einsamkeit,True,au wenn luet um mich sind fuehl ich mi allei
"ich ha s gfühl, niemer versteht mi würkli",negativ,einsamkeit,True,ich ha s gfuehl niemer versteht mi wuerkli
"ich weiss nöd, mit wem ich drüber rede cha",negativ,einsamkeit,True,ich weiss noed mit wem ich drueber rede chan
"alli händ ihre gruppe, nur ich nöd",negativ,einsamkeit,True,alli haend ihre gruppe nur ich ned
"ich würd mir meh nächi wünsche, aber weiss nöd wie",negativ,einsamkeit,True,ich wuerd mir meh naechi wuensche aber weiss ned wie
"ich ha vil kontakt online, aber wenig echt nächi",negativ,einsamkeit,True,ich ha vil kontakt online aber wenig echt naechi
ich vermisse s gfühl vo ufgnoh sii,negativ,einsamkeit,True,ich vermisse s gfuehl vo ufgnoh sii
ich fühl mi scho lang isoliert,negativ,einsamkeit,True,ich fuehl mi scho lang isoliert
ich zieh mi immer meh zrugg,negativ,einsamkeit,True,ich zieh mi immer meh zrugg
ich würd gern näheri verbindige ha,negativ,einsamkeit,True,ich wuerd gern naeheri verbindige ha
"ich ha s gfühl, ich bin unsichtbar",negativ,einsamkeit,True,ich ha s gfuehl ich bi unsichtbar
ich fühl mi wie am rand vo allem,negativ,einsamkeit,True,ich fuehl mi wie am rand vo allem
"ich weiss nöd, wie ich us däm loch usefinde",negativ,einsamkeit,True,ich weiss noed wie ich us daem loch usefinde
ich bi oft allei mit mine gedanke,negativ,einsamkeit,True,ich bi oft allei mit mine gedanke
ich würd gern meh soziali momänt ha,negativ,einsamkeit,True,ich wuerd gern meh soziali momaent ha
"ich ha s gfühl, ich rede, aber niemer loset",negativ,einsamkeit,True,ich ha s gfuehl ich rede aber niemer loset
"ich fühl mi de ganze tag einsam, au unter lüte",negativ,einsamkeit,True,ich fuehl mi de ganze tag einsam au unter luete
ich vermisse richtigi nächi zu öpperem,negativ,einsamkeit,True,ich vermisse richtigi naechi zu oepperem
"ich weiss nöd, wie ich wieder anschluss finde",negativ,einsamkeit,True,ich weiss noed wie ich wieder anschluss finde
"ich ha s gfühl, ich ghör nöd richtig dezue",negativ,einsamkeit,True,ich ha s gfuehl ich ghoer ned richtig dezue
ich würd gern es chli wärmi spüre,negativ,einsamkeit,True,ich wuerd gern es chli waermi spuere
ich fühl mi eifach leer und allei,negativ,einsamkeit,True,ich fuehl mi eifach leer und allei
"ich ha s gfühl, ich bin d ganz zit am warten uf öpper",negativ,einsamkeit,True,ich ha s gfuehl ich bi d ganz zit am warten uf oepper
ich würd gern meh menschliche kontakt ha,negativ,einsamkeit,True,ich wuerd gern meh menschliche kontakt ha
ich fühl mi manchmal wie verdrängt,negativ,einsamkeit,True,ich fuehl mi manchmal wie verdraengt
"ich weiss nöd, öb öpper würkli für mich do wär",negativ,einsamkeit,True,ich weiss noed oeb oepper wuerkli fuer mich do waer
ich fühl mi wie abgeschnitten vo allne,negativ,einsamkeit,True,ich fuehl mi wie abgeschnitten vo allne
"ich ha angst, dass ich für immer so allein blibe",negativ,einsamkeit,True,ich ha angst dass ich fuer immer so allein blibe
ich wott eifach wieder verbindig spüre,negativ,einsamkeit,True,ich wott eifach wieder verbindig spuere
"merci viu mau, das isch mega lieb vo dir",positiv,dank,True,merci viu mau das isch mega lieb vo dir
ich bi dir würkli dankbar für dini hilf,positiv,dank,True,ich bi dir wuerkli dankbar fuer dini hilf
"danke, dass du dir die zit gnoh hesch",positiv,dank,True,danke dass du dir die zit gnoh hesch
"es bedeutet mer vil, merci viu mau",positiv,dank,True,es bedeutet mer vil merci viu mau
"merci für dini unterstützig, das het mer guet ta",positiv,dank,True,merci fuer dini unterstuetzig das het mer guet ta
"ich schätz das mega, danke dir",positiv,dank,True,ich schaetz das mega danke dir
"merci, dass du immer so geduldig bisch",positiv,dank,True,merci dass du immer so geduldig bisch
"ich bin froh um dis feedback, merci",positiv,dank,True,ich bi froh um dis feedback merci
"danke fürs zuelose, das het mir sehr gholfe",positiv,dank,True,danke fuers zuelose das het mir sehr gholfe
"merci, dass du für mich do bisch",positiv,dank,True,merci dass du fuer mich do bisch
"danke für dini müeh, das isch nöd selbstverständlich",positiv,dank,True,danke fuer dini mueeh das isch ned selbstverstaendlich
"ich weiss das würkli z schätze, merci",positiv,dank,True,ich weiss das wuerkli z schaetze merci
"merci fürs organisieren, das het perfekt passt",positiv,dank,True,merci fuers organisieren das het perfekt passt
"danke dir, ich han würklich freud a dim support",positiv,dank,True,danke dir ich han wuerklich freud a dim support
"merci für dini ruigi art, das tuet mer guet",positiv,dank,True,merci fuer dini ruigi art das tuet mer guet
"danke für dine input, der isch mega wertvoll gsi",positiv,dank,True,danke fuer dine input der isch mega wertvoll gsi
"merci, dass du mir immer wieder hilfsch",positiv,dank,True,merci dass du mir immer wieder hilfsch
ich bi dir sehr dankbar für dini perspektiv,positiv,dank,True,ich bi dir sehr dankbar fuer dini perspektiv
"merci, dass du mir das erklärt hesch",positiv,dank,True,merci dass du mir das erklaert hesch
"danke, dass du mi ernst nimmsch",positiv,dank,True,danke dass du mi ernst nimmsch
"ich bi froh, dass ich cha uf dich zähle, merci",positiv,dank,True,ich bi froh dass ich chan uf dich zaehle merci
"merci, ich hätt das würkli nöd ohni dich packt",positiv,dank,True,merci ich haett das wuerkli ned ohni dich packt
"danke, dass du dir immer wieder zit nimmsch",positiv,dank,True,danke dass du dir immer wieder zit nimmsch
merci fürs checke und zruggmelde,positiv,dank,True,merci fuers checke und zruggmelde
danke für dini geduld mit mir,positiv,dank,True,danke fuer dini geduld mit mir
"merci, dass du s mir so verständlich gmacht hesch",positiv,dank,True,merci dass du s mir so verstaendlich gmacht hesch
"ich finds mega schön, dass du so hilfsbereit bisch",positiv,dank,True,ich finds mega schoen dass du so hilfsbereit bisch
"danke, dass du mi unterstützt hesch, wo ichs brucht ha",positiv,dank,True,danke dass du mi unterstuetzt hesch wo ichs brucht ha
ich bi dir unfassbar dankbar,positiv,dank,True,ich bi dir unfassbar dankbar
"merci, du hesch mir würklich druck gnusserlöset",positiv,dank,True,merci du hesch mir wuerklich druck gnusserloeset
das hesch imfall mega guet gmacht,positiv,lob,True,das hesch im fall mega guet gmacht
ich bi voll beeindruckt vo dim resultat,positiv,lob,True,ich bi voll beeindruckt vo dim resultat
du hesch das richtig professionell umegsetzt,positiv,lob,True,du hesch das richtig professionell umegsetzt
das isch eifach top worde,positiv,lob,True,das isch eifach top worde
du chasch würkli stolz sii uf dich,positiv,lob,True,du chasch wuerkli stolz sii uf dich
"das isch super arbeit, imfall",positiv,lob,True,das isch super arbeit im fall
ich finds extrem gelungen,positiv,lob,True,ich finds extrem gelungen
du hesch en mega job gmacht,positiv,lob,True,du hesch en mega job gmacht
"ich han richtig freud ghaa, das z gseh",positiv,lob,True,ich han richtig freud ghaa das z gseh
das isch qualitativ mega stark,positiv,lob,True,das isch qualitativ mega stark
"so gueti arbeit, wow",positiv,lob,True,so gueti arbeit wow
"ich finds mega, wie du das aagange bisch",positiv,lob,True,ich finds mega wie du das aagange bisch
das isch viel besser worde als erwartet,positiv,lob,True,das isch viel besser worde als erwartet
"du hesch voll drus, imfall",positiv,lob,True,du hesch voll drus im fall
ich bin begeistert vo dim output,positiv,lob,True,ich bi begeistert vo dim output
du hesch en sehr gschickte lösig gfunde,positiv,lob,True,du hesch en sehr gschickte loesig gfunde
ich bewundere dini sorgfalt,positiv,lob,True,ich bewundere dini sorgfalt
das isch mega schön umegsetzt,positiv,lob,True,das isch mega schoen umegsetzt
du hesch dä task richtig guet mastered,positiv,lob,True,du hesch dae task richtig guet mastered
"ich find s beeindruckend, wie souverän das isch",positiv,lob,True,ich find s beeindruckend wie souveraen das isch
dini strukturierti art het sich voll uszahlt,positiv,lob,True,dini strukturierti art het sich voll uszahlt
du hesch drüber naadacht und das merkt mer,positiv,lob,True,du hesch drueber naadacht und das merkt mer
"ich find s toll, wie kreativ du bisch",positiv,lob,True,ich find s toll wie kreativ du bisch
dinu idee isch mega clever gsi,positiv,lob,True,dinu idee isch mega clever gsi
ich bi positiv überrascht vo dim ansatz,positiv,lob,True,ich bi positiv ueberrascht vo dim ansatz
du hesch s thema richtig guet begriffe,positiv,lob,True,du hesch s thema richtig guet begriffe
"ich finds stark, wie du das glöst hesch",positiv,lob,True,ich finds stark wie du das gloest hesch
de output isch sehr überzeugend,positiv,lob,True,de output isch sehr ueberzeugend
"ich finds mega, wie professionell du das machsch",positiv,lob,True,ich finds mega wie professionell du das machsch
"super gmachti arbeit, imfall!",positiv,lob,True,super gmachti arbeit imfall
ich freu mi grad riesig drüber,positiv,freud,True,ich freu mi grad riesig drueber
ich bi mega happy im momänt,positiv,freud,True,ich bi mega happy im momaent
das macht mi richtig glücklich,positiv,freud,True,das macht mi richtig gluecklich
"ich ha s gfuehl, ich strahl de ganz tag",positiv,freud,True,ich ha s gfuehl ich strahl de ganz tag
das het mir dä tag verschönert,positiv,freud,True,das het mir dae tag verschoenert
ich bi voll positive stimmig,positiv,freud,True,ich bi voll positive stimmig
"ich chan s kaum glaube, wie guet das cho isch",positiv,freud,True,ich chan s kaum glaube wie guet das cho isch
ich bin richtig begeistert,positiv,freud,True,ich bi richtig begeistert
"ich ha so freud gha, das z erlebe",positiv,freud,True,ich ha so freud gha das z erlebe
das git mir grad mega viel energie,positiv,freud,True,das git mir grad mega viel energie
ich ha so en schöne moment gha,positiv,freud,True,ich ha so en schoene moment gha
ich bi mega erfüllt grad,positiv,freud,True,ich bi mega erfuellt grad
"ich freu mi so fescht, dass das klappt het",positiv,freud,True,ich freu mi so fescht dass das klappt het
es isch eifach schön gsi,positiv,freud,True,es isch eifach schoen gsi
ich chan grad richtig ufpüschelet atme,positiv,freud,True,ich chan grad richtig ufpueschelet atme
ich bi so zufrieden mit dem ganze,positiv,freud,True,ich bi so zufrieden mit dem ganze
"ich ha s so chli im herz gspürt, vor freud",positiv,freud,True,ich ha s so chli im herz gspuert vor freud
"ich finds wunderschön, wie s cho isch",positiv,freud,True,ich finds wunderschoen wie s cho isch
ich bi mega erleichtert und froh,positiv,freud,True,ich bi mega erleichtert und froh
"ich han richtig freud ghaa, das z teile",positiv,freud,True,ich han richtig freud ghaa das z teile
ich bin so glücklich über dä verlauf,positiv,freud,True,ich bi so gluecklich ueber dae verlauf
ich freu mi jedes mol wieder drüber,positiv,freud,True,ich freu mi jedes mol wieder drueber
ich ha das mega genosse,positiv,freud,True,ich ha das mega genosse
das het mi würkli stärkt,positiv,freud,True,das het mi wuerkli staerkt
ich bin voller freud i dä situation,positiv,freud,True,ich bi voller freud i dae situation
"ich han echt chli gwunder, wie guet s cho isch",positiv,freud,True,ich han echt chli gwunder wie guet s cho isch
ich bi mega positiv überrascht worde,positiv,freud,True,ich bi mega positiv ueberrascht worde
"das het so guet ta, ich ha richtig glacht",positiv,freud,True,das het so guet ta ich ha richtig glacht
ich freu mi mega über das resultat,positiv,freud,True,ich freu mi mega ueber das resultat
ich bi eifach glücklich grad,positiv,freud,True,ich bi eifach gluecklich grad
"ich ha mini prüefig bstange, bin mega erleichtert",positiv,erfolg,True,ich ha mini prueefig bstange bi mega erleichtert
s projekt isch richtig guet usecho,positiv,erfolg,True,s projekt isch richtig guet usecho
"ich ha es ziel erreicht, wo ich lang drfür gschaffet ha",positiv,erfolg,True,ich ha es ziel erreicht wo ich lang drfuer gschaffet ha
mini müeh hät sich würkli glohnt,positiv,erfolg,True,mini mueeh haet sich wuerkli glohnt
ich ha es komplizierts thema endlich checkt,positiv,erfolg,True,ich ha es komplizierts thema endlich checkt
ich ha mega positive rückmeldung übercho,positiv,erfolg,True,ich ha mega positive rueckmeldung uebercho
"ich bi wiiter cho, als ich denkt ha",positiv,erfolg,True,ich bi wiiter cho als ich denkt ha
"ich bi stolz, dass ich das durchzoge ha",positiv,erfolg,True,ich bi stolz dass ich das durchzoge ha
ich ha erfolgreich es problem glöst,positiv,erfolg,True,ich ha erfolgreich es problem gloest
ich ha im job en schöne erfolg gha,positiv,erfolg,True,ich ha im job en schoene erfolg gha
ich spür grad richtig fortschritt,positiv,erfolg,True,ich spuer grad richtig fortschritt
ich bi mega zfriede mit mim outcome,positiv,erfolg,True,ich bi mega zfriede mit mim outcome
es isch besser cho als erwartet,positiv,erfolg,True,es isch besser cho als erwartet
ich ha dä milestone endlich erreicht,positiv,erfolg,True,ich ha dae milestone endlich erreicht
"ich ha s gfühl, ich wachse grad richtig",positiv,erfolg,True,ich ha s gfuehl ich wachse grad richtig
"ich ha öppis gschafft, wo ich nöd sicher gsi bi",positiv,erfolg,True,ich ha oeppis gschafft wo ich ned sicher gsi bi
"ich ha feedback übercho, dass s top isch gsi",positiv,erfolg,True,ich ha feedback uebercho dass s top isch gsi
ich bi stolz uf mini performance,positiv,erfolg,True,ich bi stolz uf mini performance
"ich ha öppis erreicht, wo mir vil bedeutet",positiv,erfolg,True,ich ha oeppis erreicht wo mir vil bedeutet
ich bi mega froh über dä erfolg,positiv,erfolg,True,ich bi mega froh ueber dae erfolg
ich chan eifach stolz sii uf mich,positiv,erfolg,True,ich chan eifach stolz sii uf mich
"ich ha öppis ufgschafft, wo lang angestanden isch",positiv,erfolg,True,ich ha oeppis ufgschafft wo lang angestanden isch
ich würd s am liebste allem verzelle,positiv,erfolg,True,ich wuerd s am liebste allem verzelle
"es isch schön, öppis abghäkelt z ha",positiv,erfolg,True,es isch schoen oeppis abghaekelt z ha
ich bi imfall grad im erfolgsflow,positiv,erfolg,True,ich bi im fall grad im erfolgsflow
ich ha richtig en step forward gmacht,positiv,erfolg,True,ich ha richtig en step forward gmacht
"ich bi so erleichtert, dass s klappt het",positiv,erfolg,True,ich bi so erleichtert dass s klappt het
ich ha öppis usprobiert und es het funktioniert,positiv,erfolg,True,ich ha oeppis usprobiert und es het funktioniert
"ich bi überrascht, wie guet s usecho isch",positiv,erfolg,True,ich bi ueberrascht wie guet s usecho isch
das isch sicher en schoener erfolgsmoment,positiv,erfolg,True,das isch sicher en schoener erfolgsmoment
"ich bi so erleichtert, dass das jetzt um isch",positiv,erleichterung,True,ich bi so erleichtert dass das jetzt um isch
mir isch en riesen stei vom härz gfalle,positiv,erleichterung,True,mir isch en riesen stei vom haerz gfalle
ich ha lang sorgä gha und jetzt isch s doch guet cho,positiv,erleichterung,True,ich ha lang sorgae gha und jetzt isch s doch guet cho
ich chan wieder freier atme,positiv,erleichterung,True,ich chan wieder freier atme
mini angst het sich zum gliick nöd bestätigt,positiv,erleichterung,True,mini angst het sich zum gliick ned bestaetigt
"ich bi froh, dass s nöd schlimmer worde isch",positiv,erleichterung,True,ich bi froh dass s ned schlimmer worde isch
endlich isch es chli ruiger worde,positiv,erleichterung,True,endlich isch es chli ruiger worde
"ich bi so erleichtert, dass es funktioniert het",positiv,erleichterung,True,ich bi so erleichtert dass es funktioniert het
"es tuet mega guet, dass s jetzt klar isch",positiv,erleichterung,True,es tuet mega guet dass s jetzt klar isch
ich ha lang gwartet und jetzt isch es endlich vom tisch,positiv,erleichterung,True,ich ha lang gwartet und jetzt isch es endlich vom tisch
"ich bin erleichtert, dass ich nöd ganz falsch glege bi",positiv,erleichterung,True,ich bi erleichtert dass ich ned ganz falsch glege bi
ich ha lang drüber nachdacht und jetzt passt s für mich,positiv,erleichterung,True,ich ha lang drueber nachdacht und jetzt passt s fuer mich
"ich bi froh, dass ich die entscheidig endlich ha",positiv,erleichterung,True,ich bi froh dass ich die entscheidig endlich ha
"ich bi erleichtert, dass ich es nöd verschlimmert ha",positiv,erleichterung,True,ich bi erleichtert dass ich es ned verschlimmert ha
"ich chan wieder normal schlofe, so erleichtert bi ich",positiv,erleichterung,True,ich chan wieder normal schlofe so erleichtert bi ich
"ich bi froh, dass ich das hinter mir ha",positiv,erleichterung,True,ich bi froh dass ich das hinter mir ha
"ich ha s gfühl, mini last isch chli lichter worde",positiv,erleichterung,True,ich ha s gfuehl mini last isch chli lichter worde
"ich bi erleichtert, wie guet s am end usecho isch",positiv,erleichterung,True,ich bi erleichtert wie guet s am end usecho isch
"ich bi froh, dass ich nöd alles falsch verstande ha",positiv,erleichterung,True,ich bi froh dass ich ned alles falsch verstande ha
ich chan wieder es bisschen entspanne,positiv,erleichterung,True,ich chan wieder es bisschen entspanne
"ich bi erleichtert, dass alles so friedlich verblibe isch",positiv,erleichterung,True,ich bi erleichtert dass alles so friedlich verblibe isch
"ich bi mega froh, dass s nöd eskaliert isch",positiv,erleichterung,True,ich bi mega froh dass s ned eskaliert isch
endlich cha ich druck us em chopf loh,positiv,erleichterung,True,endlich chan ich druck us em chopf loh
"ich ha s gfühl, ich ha wieder boden unter de füss",positiv,erleichterung,True,ich ha s gfuehl ich ha wieder boden unter de fuess
"ich bi erleichtert, dass ich nöd alei bin",positiv,erleichterung,True,ich bi erleichtert dass ich ned alei bi
"ich bi froh, dass sich die sorgä nöd bestätigt händ",positiv,erleichterung,True,ich bi froh dass sich die sorgae ned bestaetigt haend
"ich bi erleichtert, dass ich d lösig gfunde ha",positiv,erleichterung,True,ich bi erleichtert dass ich d loesig gfunde ha
"ich bi froh, dass ich das theama endlich abhäklet ha",positiv,erleichterung,True,ich bi froh dass ich das theama endlich abhaeklet ha
"ich ha s gfühl, ich chan wieder duratme",positiv,erleichterung,True,ich ha s gfuehl ich chan wieder duratme
ich bi mega erleichtert über dä ausgang,positiv,erleichterung,True,ich bi mega erleichtert ueber dae ausgang
ich bi würkli stolz uf mich grad,positiv,stolz,True,ich bi wuerkli stolz uf mich grad
"ich ha öppis gstemt, wo ich mir nöd zuegtraut ha",positiv,stolz,True,ich ha oeppis gstemt wo ich mir ned zuegtraut ha
"es isch schön z gseh, wie wiit ich cho bi",positiv,stolz,True,es isch schoen z gseh wie wiit ich cho bi
"ich ha s gfühl, ich cha zurecht stolz sii",positiv,stolz,True,ich ha s gfuehl ich chan zurecht stolz sii
ich ha hart drfür gschaffet und s het sich glohnt,positiv,stolz,True,ich ha hart drfuer gschaffet und s het sich glohnt
ich bi zfriede mit mir und minere performance,positiv,stolz,True,ich bi zfriede mit mir und minere performance
"ich bi stolz, dass ich durrblibe bi",positiv,stolz,True,ich bi stolz dass ich durrblibe bi
ich han mini eigete erwartige übertroffe,positiv,stolz,True,ich han mini eigete erwartige uebertroffe
ich cha uf das resultat mit stolz luege,positiv,stolz,True,ich chan uf das resultat mit stolz luege
"ich bi stolz, wie ich mit dä situation umgange bi",positiv,stolz,True,ich bi stolz wie ich mit dae situation umgange bi
"ich bi stolz, dass ich mini werte bewahrt ha",positiv,stolz,True,ich bi stolz dass ich mini werte bewahrt ha
ich ha mini komfortzone verliä und es het sich glohnt,positiv,stolz,True,ich ha mini komfortzone verliae und es het sich glohnt
ich bi stolz uf jedes chliini schrittli,positiv,stolz,True,ich bi stolz uf jedes chliini schrittli
"ich bi stolz, dass ich dr schnauf ha do z'bliibe",positiv,stolz,True,ich bi stolz dass ich dr schnauf ha do z bliibe
"ich bi beeindruckt, wie ich das packt ha",positiv,stolz,True,ich bi beeindruckt wie ich das packt ha
"ich bi stolz, dass ich mich nöd unterkriege lah ha",positiv,stolz,True,ich bi stolz dass ich mich ned unterkriege lah ha
"ich cha ehrlich säge, dass ich stolz uf mich bi",positiv,stolz,True,ich chan ehrlich saege dass ich stolz uf mich bi
"ich bi stolz, dass ich s durchzieh ha",positiv,stolz,True,ich bi stolz dass ich s durchzieh ha
ich bi stolz uf mini entwicklung,positiv,stolz,True,ich bi stolz uf mini entwicklung
ich cha mini erfolg würkli spüre,positiv,stolz,True,ich chan mini erfolg wuerkli spuere
"ich bi stolz, dass ich so vill gelernt ha",positiv,stolz,True,ich bi stolz dass ich so vill gelernt ha
"ich bin stolz, dass ich Verantwortung übernoh ha",positiv,stolz,True,ich bi stolz dass ich verantwortung uebernoh ha
"ich bi stolz, dass ich mini gränze akzeptiere cha",positiv,stolz,True,ich bi stolz dass ich mini graenze akzeptiere chan
"ich bi stolz, wie ich aus fehler glärnt ha",positiv,stolz,True,ich bi stolz wie ich aus fehler glaernt ha
ich bi stolz uf mini disziplin,positiv,stolz,True,ich bi stolz uf mini disziplin
"ich bi stolz, wie ich das gemeistert ha",positiv,stolz,True,ich bi stolz wie ich das gemeistert ha
"ich ha endlich s gfühl, ich cha öppis",positiv,stolz,True,ich ha endlich s gfuehl ich chan oeppis
"ich bi stolz, dass ich mi nöd ha stressä lah",positiv,stolz,True,ich bi stolz dass ich mi ned ha stressae lah
"ich bi stolz, dass ich mini ziele verfolge",positiv,stolz,True,ich bi stolz dass ich mini ziele verfolge
ich bi stolz uf mini schritt i d richtige richtung,positiv,stolz,True,ich bi stolz uf mini schritt i d richtige richtung
mir händ en mega gmüetliche abig gha,positiv,verbindung_freunde,True,mir haend en mega gmueetliche abig gha
ich bi so froh um mini fründschaftä,positiv,verbindung_freunde,True,ich bi so froh um mini fruendschaftae
"mir händ so viel glacht, das het guet ta",positiv,verbindung_freunde,True,mir haend so viel glacht das het guet ta
ich fühl mi grad richtig ufgnoh i dere gruppe,positiv,verbindung_freunde,True,ich fuehl mi grad richtig ufgnoh i dere gruppe
"ich ha s gfühl, mir verstöhnd üs immer besser",positiv,verbindung_freunde,True,ich ha s gfuehl mir verstoehnd ues immer besser
mir händ sogar über ernsti sache chönne rede,positiv,verbindung_freunde,True,mir haend sogar ueber ernsti sache choenne rede
"ich schätz es mega, so mensche um mich z ha",positiv,verbindung_freunde,True,ich schaetz es mega so mensche um mich z ha
ich ha lang nüm so e ehrlechs gspröch gha,positiv,verbindung_freunde,True,ich ha lang nuem so e ehrlechs gsproech gha
"ich bin dankbar für die nächi, wo mir händ",positiv,verbindung_freunde,True,ich bi dankbar fuer die naechi wo mir haend
"ich ha s gfühl, ich bi nöd alei mit mine themä",positiv,verbindung_freunde,True,ich ha s gfuehl ich bi ned alei mit mine themae
mir händ en schöne momänt zäme gha,positiv,verbindung_freunde,True,mir haend en schoene momaent zaeme gha
"ich bi froh, dass ich so verlässligi fründe ha",positiv,verbindung_freunde,True,ich bi froh dass ich so verlaessligi fruende ha
d zeit mit mine fründe tuet mer unglaublich guet,positiv,verbindung_freunde,True,d zeit mit mine fruende tuet mer unglaublich guet
"es isch schön, dass mer eifach sii cha wie mer isch",positiv,verbindung_freunde,True,es isch schoen dass mer eifach sii chan wie mer isch
ich ha mich richtig wohl gfühlt bi üse abmachig,positiv,verbindung_freunde,True,ich ha mich richtig wohl gfuehlt bi uese abmachig
"ich ha s gfühl, mini fründe gäh mir mega viel halt",positiv,verbindung_freunde,True,ich ha s gfuehl mini fruende gaeh mir mega viel halt
ich bi dankbar für jede minute zäme,positiv,verbindung_freunde,True,ich bi dankbar fuer jede minute zaeme
"ich ha fründ, wo ehrlich zu mir sind – das isch gold wert",positiv,verbindung_freunde,True,ich ha fruend wo ehrlich zu mir sind das isch gold wert
"ich finds schön, dass mir so offe chönd rede",positiv,verbindung_freunde,True,ich finds schoen dass mir so offe choend rede
mini fründe gäh mir richtig viel energie,positiv,verbindung_freunde,True,mini fruende gaeh mir richtig viel energie
"ich ha wieder mol gmärkt, wie wichtig fründe sind",positiv,verbindung_freunde,True,ich ha wieder mol gmaerkt wie wichtig fruende sind
"ich bi mega froh, so lüt i mim läbe z ha",positiv,verbindung_freunde,True,ich bi mega froh so luet i mim laebe z ha
ich fühl mi unterstützt und nöd alei,positiv,verbindung_freunde,True,ich fuehl mi unterstuetzt und ned alei
mir händ so en schöne vibe zäme,positiv,verbindung_freunde,True,mir haend so en schoene vibe zaeme
"ich fands wunderschön, wie authentisch s gsi isch",positiv,verbindung_freunde,True,ich fands wunderschoen wie authentisch s gsi isch
mini fründe sind würkli wertvoll für mi,positiv,verbindung_freunde,True,mini fruende sind wuerkli wertvoll fuer mi
ich bi richtig dankbar für üs allne,positiv,verbindung_freunde,True,ich bi richtig dankbar fuer ues allne
"ich ha s gfühl, mini fründschaftä wärded immer tiefer",positiv,verbindung_freunde,True,ich ha s gfuehl mini fruendschaftae waerded immer tiefer
ich ha en mega schöne momänt mit öpper erlebt,positiv,verbindung_freunde,True,ich ha en mega schoene momaent mit oepper erlebt
"es isch so guet, sich verstanden z fühle",positiv,verbindung_freunde,True,es isch so guet sich verstanden z fuehle
ich bi imfall voll motiviert grad,positiv,motivation,True,ich bi im fall voll motiviert grad
"ich ha richtig lust, öppis azpacke",positiv,motivation,True,ich ha richtig lust oeppis azpacke
ich bi voller energie im momänt,positiv,motivation,True,ich bi voller energie im momaent
"ich ha s gfühl, jetzt isch en guete moment für neues",positiv,motivation,True,ich ha s gfuehl jetzt isch en guete moment fuer neues
"ich ha so vill idee, die ich umsetze wott",positiv,motivation,True,ich ha so vill idee die ich umsetze wott
ich spür grad richtig drive i mir,positiv,motivation,True,ich spuer grad richtig drive i mir
ich bi mega parat für die nächschte schritt,positiv,motivation,True,ich bi mega parat fuer die naechschte schritt
ich ha sogar freud am challenge,positiv,motivation,True,ich ha sogar freud am challenge
ich fühl mi richtig produktiv,positiv,motivation,True,ich fuehl mi richtig produktiv
"ich ha s gfühl, ich cha grad mega vill bewege",positiv,motivation,True,ich ha s gfuehl ich chan grad mega vill bewege
ich bin motiviert wie scho lang nüm,positiv,motivation,True,ich bi motiviert wie scho lang nuem
ich schmöck grad es chli erfolgs luft,positiv,motivation,True,ich schmoeck grad es chli erfolgs luft
ich bi voll im fokus,positiv,motivation,True,ich bi voll im fokus
ich ha mega bock zum dranzbliibe,positiv,motivation,True,ich ha mega bock zum dranzbliibe
"ich glaub, ich cha richtig gueti ideä umsetze",positiv,motivation,True,ich glaub ich chan richtig gueti ideae umsetze
ich bi voll im flow grad,positiv,motivation,True,ich bi voll im flow grad
ich würd am liebschte grad starte,positiv,motivation,True,ich wuerd am liebschte grad starte
ich spür mega viel kraft im momänt,positiv,motivation,True,ich spuer mega viel kraft im momaent
"ich bin motiviert, öppis neu z probiere",positiv,motivation,True,ich bi motiviert oeppis neu z probiere
"ich ha s gfühl, alles isch möglich grad",positiv,motivation,True,ich ha s gfuehl alles isch moeglich grad
ich ha voll lust uf s projekt,positiv,motivation,True,ich ha voll lust uf s projekt
ich bi mega driven,positiv,motivation,True,ich bi mega driven
"ich glaub, es chunt öppis guets use",positiv,motivation,True,ich glaub es chunt oeppis guets use
ich bin richtig wach und parat,positiv,motivation,True,ich bi richtig wach und parat
ich ha richtig en schub übercho,positiv,motivation,True,ich ha richtig en schub uebercho
ich bi mega inspiriert,positiv,motivation,True,ich bi mega inspiriert
ich ha viel energie für dini ufgabe,positiv,motivation,True,ich ha viel energie fuer dini ufgabe
ich bi voller elan,positiv,motivation,True,ich bi voller elan
ich spür en positivie schub,positiv,motivation,True,ich spuer en positivie schub
ich ha wieder richtig lust zum öppis erreiche,positiv,motivation,True,ich ha wieder richtig lust zum oeppis erreiche
ich freu mi mega uf d feriä,positiv,vorfreude,True,ich freu mi mega uf d feriae
ich ha so vorfreud uf dä termin,positiv,vorfreude,True,ich ha so vorfreud uf dae termin
"ich chan s kaum erwarte, bis es so wiit isch",positiv,vorfreude,True,ich chan s kaum erwarte bis es so wiit isch
ich bi scho am plane und ha mega freud,positiv,vorfreude,True,ich bi scho am plane und ha mega freud
"ich ha e guets gfühl für das, was chunt",positiv,vorfreude,True,ich ha e guets gfuehl fuer das was chunt
ich zähl scho d tägli bis zu dem tag,positiv,vorfreude,True,ich zaehl scho d taegli bis zu dem tag
"ich freu mi uf d lüt, wo ich wieder gseh",positiv,vorfreude,True,ich freu mi uf d luet wo ich wieder gseh
"ich ha lang druf gwartet, endlich passierts",positiv,vorfreude,True,ich ha lang druf gwartet endlich passierts
"ich ha s gfühl, das wird öppis mega schöns",positiv,vorfreude,True,ich ha s gfuehl das wird oeppis mega schoens
mini vorfreud git mir richtig energie,positiv,vorfreude,True,mini vorfreud git mir richtig energie
ich bi richtig hibbelig vor excitement,positiv,vorfreude,True,ich bi richtig hibbelig vor excitement
"ich freu mi ufglich, dass bald öppis neus asteht",positiv,vorfreude,True,ich freu mi ufglich dass bald oeppis neus asteht
ich chan s kaum nochem nöd abwarte,positiv,vorfreude,True,ich chan s kaum nochem ned abwarte
"ich ha richtig bock uf das, was chunt",positiv,vorfreude,True,ich ha richtig bock uf das was chunt
"ich ha s gfühl, das wird mega guet",positiv,vorfreude,True,ich ha s gfuehl das wird mega guet
ich ha mega vorfreud uf mini plän,positiv,vorfreude,True,ich ha mega vorfreud uf mini plaen
ich freu mi uf die nächschti wuche wie wild,positiv,vorfreude,True,ich freu mi uf die naechschti wuche wie wild
"ich bi parat, das chli abentüür z starte",positiv,vorfreude,True,ich bi parat das chli abentueuer z starte
"ich freu mi uf öppis, wo mir vil bedeutet",positiv,vorfreude,True,ich freu mi uf oeppis wo mir vil bedeutet
"ich han lang usgharrt, jetzt isch s bald wiit",positiv,vorfreude,True,ich han lang usgharrt jetzt isch s bald wiit
ich spür richtig chli kribbele vor freud,positiv,vorfreude,True,ich spuer richtig chli kribbele vor freud
ich chan nüm still hocke vor excitement,positiv,vorfreude,True,ich chan nuem still hocke vor excitement
ich freu mi uf jede minute i dä zukunftige phase,positiv,vorfreude,True,ich freu mi uf jede minute i dae zukunftige phase
"ich ha mega freud am drübernachdenke, was chunt",positiv,vorfreude,True,ich ha mega freud am druebernachdenke was chunt
ich gseh dem tag richtig entgegen,positiv,vorfreude,True,ich gseh dem tag richtig entgegen
"ich ha so freud im chopf, wenn ich dra denke",positiv,vorfreude,True,ich ha so freud im chopf wenn ich dra denke
ich bi richtig hyped uf das,positiv,vorfreude,True,ich bi richtig hyped uf das
"ich han mega vorfreud, ehrlich",positiv,vorfreude,True,ich han mega vorfreud ehrlich
"ich ha s gfühl, das wird en guete moment",positiv,vorfreude,True,ich ha s gfuehl das wird en guete moment
ich chan etz scho nüm abschalte vor freud,positiv,vorfreude,True,ich chan etz scho nuem abschalte vor freud
ich bi imfall recht zfriede mit mim alltag aktuell,positiv,zufriedenheit_alltag,True,ich bi im fall recht zfriede mit mim alltag aktuell
"es lauft nöd perfekt, aber es stimmt für mich",positiv,zufriedenheit_alltag,True,es lauft ned perfekt aber es stimmt fuer mich
ich ha e gueti balans zwüsche arbeit und pause,positiv,zufriedenheit_alltag,True,ich ha e gueti balans zwuesche arbeit und pause
"ich ha s gfühl, s passt grad würkli",positiv,zufriedenheit_alltag,True,ich ha s gfuehl s passt grad wuerkli
ich cha guet lebe mit dem tempo im momänt,positiv,zufriedenheit_alltag,True,ich chan guet lebe mit dem tempo im momaent
mini rutine tuet mir richtig guet,positiv,zufriedenheit_alltag,True,mini rutine tuet mir richtig guet
"ich bi froh, dass kei drama isch",positiv,zufriedenheit_alltag,True,ich bi froh dass kei drama isch
"ich ha s gfühl, ich ha mis läbe im griff",positiv,zufriedenheit_alltag,True,ich ha s gfuehl ich ha mis laebe im griff
ich cha sogar chli ruhe gniesse,positiv,zufriedenheit_alltag,True,ich chan sogar chli ruhe gniesse
"ich bi dankbar für die stabilität, wo ich grad ha",positiv,zufriedenheit_alltag,True,ich bi dankbar fuer die stabilitaet wo ich grad ha
ich bin entspannt und zufrieden,positiv,zufriedenheit_alltag,True,ich bi entspannt und zufrieden
"ich ha imfall en ruhigi phase, wo mir guet ta",positiv,zufriedenheit_alltag,True,ich ha im fall en ruhigi phase wo mir guet ta
"ich ha das gfühl, ich bin genau im richtige flow",positiv,zufriedenheit_alltag,True,ich ha das gfuehl ich bi genau im richtige flow
ich bi voll im einklang mit mim alltag,positiv,zufriedenheit_alltag,True,ich bi voll im einklang mit mim alltag
ich chan mich sogar über chliini sache freue,positiv,zufriedenheit_alltag,True,ich chan mich sogar ueber chliini sache freue
ich fühl mi grounded und ruhig,positiv,zufriedenheit_alltag,True,ich fuehl mi grounded und ruhig
"ich finds schön, wie ausgegliiche alles isch",positiv,zufriedenheit_alltag,True,ich finds schoen wie ausgegliiche alles isch
"ich ha en angenehmi routine, wo passt",positiv,zufriedenheit_alltag,True,ich ha en angenehmi routine wo passt
"ich bi dankbar, dass s im momänt so harmonisch isch",positiv,zufriedenheit_alltag,True,ich bi dankbar dass s im momaent so harmonisch isch
"ich bin nöd überforderet, nöd gelangweilt – genau richtig",positiv,zufriedenheit_alltag,True,ich bi ned ueberforderet ned gelangweilt genau richtig
"ich ha s gfühl, alles läuft im gesunde rahme",positiv,zufriedenheit_alltag,True,ich ha s gfuehl alles laeuft im gesunde rahme
ich bi froh um jede ruigi minute,positiv,zufriedenheit_alltag,True,ich bi froh um jede ruigi minute
ich chan mich mit guetem gfühl zruglehne,positiv,zufriedenheit_alltag,True,ich chan mich mit guetem gfuehl zruglehne
ich bi zfriede mit mim alltagstempo,positiv,zufriedenheit_alltag,True,ich bi zfriede mit mim alltagstempo
"ich ha s gfühl, ich stimm richtig ab mit mir selber",positiv,zufriedenheit_alltag,True,ich ha s gfuehl ich stimm richtig ab mit mir selber
"ich finds schön, dass ich nöd hetze mues",positiv,zufriedenheit_alltag,True,ich finds schoen dass ich ned hetze mues
ich bi stabil und entspannt,positiv,zufriedenheit_alltag,True,ich bi stabil und entspannt
ich chan s läbe grad chli gniesse,positiv,zufriedenheit_alltag,True,ich chan s laebe grad chli gniesse
ich bin glücklich mit mim rhytmus,positiv,zufriedenheit_alltag,True,ich bi gluecklich mit mim rhytmus
"ich ha s gfühl, ich bi grad am richtige ort im läbe",positiv,zufriedenheit_alltag,True,ich ha s gfuehl ich bi grad am richtige ort im laebe
"hey, wie gahts dir hüt?",neutral,smalltalk,True,hey wie gahts dir huet
"hoi zäme, was machsch grad so?",neutral,smalltalk,True,hoi zaeme was machsch grad so
"na, alles klar bi dir?",neutral,smalltalk,True,na alles klar bi dir
wie isch dini wuche bisher gsi?,neutral,smalltalk,True,wie isch dini wuche bisher gsi
bisch guet id wuche startet?,neutral,smalltalk,True,bisch guet id wuche startet
was lauft so bi dir im momänt?,neutral,smalltalk,True,was lauft so bi dir im momaent
"lange nüm gseh, wie gohts?",neutral,smalltalk,True,lange nuem gseh wie gohts
was treibsch aktuell so?,neutral,smalltalk,True,was treibsch aktuell so
wie hesch s gester gha?,neutral,smalltalk,True,wie hesch s gester gha
"alles guet bi dir, so grundsätzlich?",neutral,smalltalk,True,alles guet bi dir so grundsaetzlich
was hesch für plän hüt?,neutral,smalltalk,True,was hesch fuer plaen huet
wie steigsch i dä tag?,neutral,smalltalk,True,wie steigsch i dae tag
hesch öppis cools vorhe?,neutral,smalltalk,True,hesch oeppis cools vorhe
wie goht s ganz allgemein?,neutral,smalltalk,True,wie goht s ganz allgemein
was hesch bis jetzt vom tag gha?,neutral,smalltalk,True,was hesch bis jetzt vom tag gha
"hüt schöns wetter, oder?",neutral,smalltalk,True,huet schoens wetter oder
wie gaht s dir im job aktuell?,neutral,smalltalk,True,wie gaht s dir im job aktuell
wie hesch s am wucheend gha?,neutral,smalltalk,True,wie hesch s am wucheend gha
alles im grüene bereich bei dir?,neutral,smalltalk,True,alles im grueene bereich bei dir
wie lauft s bi dir privat?,neutral,smalltalk,True,wie lauft s bi dir privat
was hesch gester so agstellt?,neutral,smalltalk,True,was hesch gester so agstellt
wie goht s dim umfeld so?,neutral,smalltalk,True,wie goht s dim umfeld so
hesch öppis spannends erlebt letztens?,neutral,smalltalk,True,hesch oeppis spannends erlebt letztens
wie isch dini stimmig hüt?,neutral,smalltalk,True,wie isch dini stimmig huet
wie lauft s im momänt so im allgemeine?,neutral,smalltalk,True,wie lauft s im momaent so im allgemeine
alles ruhig bi dir oder chli stressig?,neutral,smalltalk,True,alles ruhig bi dir oder chli stressig
wie isch dä tag bisher so gsi?,neutral,smalltalk,True,wie isch dae tag bisher so gsi
wie hesch du de morn aagfange?,neutral,smalltalk,True,wie hesch du de morn aagfange
"na, wie treibsch dich so dur dä tag?",neutral,smalltalk,True,na wie treibsch dich so dur dae tag
wie geits vo 1 bis 10 hüt?,neutral,smalltalk,True,wie geits vo <NUM> bis <NUM> huet
wänn wür dir passe zum treffe?,neutral,orga,True,waenn wuer dir passe zum treffe
chömer s eventuell chli verschiebe?,neutral,orga,True,choemer s eventuell chli verschiebe
passt dir morn oder eher am abig?,neutral,orga,True,passt dir morn oder eher am abig
wottsch lieber online oder vor ort abmache?,neutral,orga,True,wottsch lieber online oder vor ort abmache
welche uhrziit wär für dich am praktischste?,neutral,orga,True,welche uhrziit waer fuer dich am praktischste
wie lang hesch du ungefäär zit?,neutral,orga,True,wie lang hesch du ungefaeaer zit
söll ich dir die details schicke?,neutral,orga,True,soell ich dir die details schicke
wottsch en kalender-eintrag?,neutral,orga,True,wottsch en kalender eintrag
für wänn sömer s ungefähr apegge?,neutral,orga,True,fuer waenn soemer s ungefaehr apegge
"chan s au spöter in de wuche sii, falls nötig?",neutral,orga,True,chan s au spoeter in de wuche sii falls noetig
is für dich eher früeh oder spoot besser?,neutral,orga,True,is fuer dich eher frueeh oder spoot besser
wo chömer üs am einfachste treffe?,neutral,orga,True,wo choemer ues am einfachste treffe
wöllmer s fix mache oder no offen lah?,neutral,orga,True,woellmer s fix mache oder no offen lah
"chan ich dir zwei, drei vorschläg mache?",neutral,orga,True,chan ich dir zwei drei vorschlaeg mache
wie schnell bruchsch die info?,neutral,orga,True,wie schnell bruchsch die info
"is für dich okay, wenn mer s chli flexibel lah?",neutral,orga,True,is fuer dich okay wenn mer s chli flexibel lah
söll ich dr no en reminder setze?,neutral,orga,True,soell ich dr no en reminder setze
wottsch dass ich di abhol?,neutral,orga,True,wottsch dass ich di abhol
is die zeitfenster realistisch für dich?,neutral,orga,True,is die zeitfenster realistisch fuer dich
söll ich dr no öppis vorbereite?,neutral,orga,True,soell ich dr no oeppis vorbereite
wie wottsch s organisiera – kurz oder ausführlich?,neutral,orga,True,wie wottsch s organisiera kurz oder ausfuehrlich
is s äntweder oder? oder beides möglich?,neutral,orga,True,is s aentweder oder oder beides moeglich
sömer grad zwei date fixe mache?,neutral,orga,True,soemer grad zwei date fixe mache
chan ich dir no alternative uhrzeite schicke?,neutral,orga,True,chan ich dir no alternative uhrzeite schicke
isch eher diese wuche oder nöchschti besser?,neutral,orga,True,isch eher diese wuche oder noechschti besser
willmer s spontan lah und morn no mal luege?,neutral,orga,True,willmer s spontan lah und morn no mal luege
wo wär für dich am angenehmste ort?,neutral,orga,True,wo waer fuer dich am angenehmste ort
chan ich dir öppis koordiniera?,neutral,orga,True,chan ich dir oeppis koordiniera
söll ich no lüt ahschriebe?,neutral,orga,True,soell ich no luet ahschriebe
sömer das via chat oder call abgleiche?,neutral,orga,True,soemer das via chat oder call abgleiche
wie funktionieret das genau?,neutral,frage_info,True,wie funktionieret das genau
"chasch mir kurz erkläre, was ich mues mache?",neutral,frage_info,True,chasch mir kurz erklaere was ich mues mache
"was meinsch, isch die bescht option?",neutral,frage_info,True,was meinsch isch die bescht option
wie lauft das normalerwiis ab?,neutral,frage_info,True,wie lauft das normalerwiis ab
was isch dä unterschied zwüsche däne zwei variante?,neutral,frage_info,True,was isch dae unterschied zwuesche daene zwei variante
"gits öppis, wo ich im vorus sött wüsse?",neutral,frage_info,True,gits oeppis wo ich im vorus soett wuesse
mues ich dafür öppis speziells vorbereite?,neutral,frage_info,True,mues ich dafuer oeppis speziells vorbereite
"chan ich das nacher no ändere, falls nötig?",neutral,frage_info,True,chan ich das nacher no aendere falls noetig
hesch erfahrung mit dem gha?,neutral,frage_info,True,hesch erfahrung mit dem gha
wie lang gaht das ungefäär?,neutral,frage_info,True,wie lang gaht das ungefaeaer
was bruch ich für die ufgabe?,neutral,frage_info,True,was bruch ich fuer die ufgabe
was wär dä erste schritt?,neutral,frage_info,True,was waer dae erste schritt
wofür isch das eigentlich da?,neutral,frage_info,True,wofuer isch das eigentlich da
brauchts dafür es account oder nöd?,neutral,frage_info,True,brauchts dafuer es account oder noed
"chan ich das usprobiere, bevor ich mich entscheide?",neutral,frage_info,True,chan ich das usprobiere bevor ich mich entscheide
mues ich auf öppis bestimmts luege?,neutral,frage_info,True,mues ich auf oeppis bestimmts luege
welche variante würdisch du empfehle?,neutral,frage_info,True,welche variante wuerdisch du empfehle
was isch dä normalfall bi dem prozess?,neutral,frage_info,True,was isch dae normalfall bi dem prozess
"gits öppis, wo mer gerne verwechslet?",neutral,frage_info,True,gits oeppis wo mer gerne verwechslet
isch das kompliziert oder eher easy?,neutral,frage_info,True,isch das kompliziert oder eher easy
"was passiert, wenn ich en schritt falsch mache?",neutral,frage_info,True,was passiert wenn ich en schritt falsch mache
chan ich das spöter no korrigiere?,neutral,frage_info,True,chan ich das spoeter no korrigiere
mues ich dafür support ahfrage?,neutral,frage_info,True,mues ich dafuer support ahfrage
"gits öppis, wo mer gern übersiht?",neutral,frage_info,True,gits oeppis wo mer gern uebersiht
wie würdest du das mache?,neutral,frage_info,True,wie wuerdest du das mache
was sind vor- und nachteile vo dem?,neutral,frage_info,True,was sind vor und nachteile vo dem
welches tool bruucht mer am beschte?,neutral,frage_info,True,welches tool bruucht mer am beschte
"isch es relevant, wie ich s formuliere?",neutral,frage_info,True,isch es relevant wie ich s formuliere
brucht s en bestimmte reihenfolg?,neutral,frage_info,True,brucht s en bestimmte reihenfolg
wie würdest du s am eifachste erkläre?,neutral,frage_info,True,wie wuerdest du s am eifachste erklaere
isch mir imfall relativ egal,neutral,sonstiges,True,isch mir im fall relativ egal
mer chönd s au eifach offen lah,neutral,sonstiges,True,mer choend s au eifach offen lah
"mer lueged, was sich ergit",neutral,sonstiges,True,mer lueged was sich ergit
ich han no kei klare meinig dezue,neutral,sonstiges,True,ich han no kei klare meinig dezue
mer chönd s spontan entscheide,neutral,sonstiges,True,mer choend s spontan entscheide
es muess nöd unbedingt hüt sii,neutral,sonstiges,True,es muess ned unbedingt huet sii
ich chan mit beidem lebe,neutral,sonstiges,True,ich chan mit beidem lebe
so wichtig isch s imfall nöd,neutral,sonstiges,True,so wichtig isch s im fall ned
mer chönd s no chli beobachte,neutral,sonstiges,True,mer choend s no chli beobachte
ich find s weder mega guet no mega schlecht,neutral,sonstiges,True,ich find s weder mega guet no mega schlecht
ich bi da ziemlich flexibel,neutral,sonstiges,True,ich bi da ziemlich flexibel
ich cha mich dem easy ahpasse,neutral,sonstiges,True,ich chan mich dem easy ahpasse
"es isch nöd tragisch, wie mer s mache",neutral,sonstiges,True,es isch ned tragisch wie mer s mache
ich han da kei priorität,neutral,sonstiges,True,ich han da kei prioritaet
es spielt kei so roll für mich,neutral,sonstiges,True,es spielt kei so roll fuer mich
"mer chönd s drum au verschiebe, falls nötig",neutral,sonstiges,True,mer choend s drum au verschiebe falls noetig
ich bi da ganz entspannt,neutral,sonstiges,True,ich bi da ganz entspannt
mir isch s ehrlich gseit egal,neutral,sonstiges,True,mir isch s ehrlich gseit egal
ich ha da kei starke preference,neutral,sonstiges,True,ich ha da kei starke preference
es muess nöd grad jetzt gfillt werde,neutral,sonstiges,True,es muess ned grad jetzt gfillt werde
mir chönd s liässig halte,neutral,sonstiges,True,mir choend s liaessig halte
"ich cha damit guet umgah, egal wie mer s mache",neutral,sonstiges,True,ich chan damit guet umgah egal wie mer s mache
"ich find, mer chönd s locker ahgah",neutral,sonstiges,True,ich find mer choend s locker ahgah
"isch nöd es thema, wo mi stresst",neutral,sonstiges,True,isch ned es thema wo mi stresst
mer chönd s denn sponti entscheide,neutral,sonstiges,True,mer choend s denn sponti entscheide
ich bin nöd so fest investiert i das,neutral,sonstiges,True,ich bi ned so fest investiert i das
beidi optione sind okay für mich,neutral,sonstiges,True,beidi optione sind okay fuer mich
ich bi da offen für alles,neutral,sonstiges,True,ich bi da offen fuer alles
"chum, mer mache s eifach so, wie s grad passt",neutral,sonstiges,True,chum mer mache s eifach so wie s grad passt
"ich glaub, das chunt scho guet, wie mer s mache",neutral,sonstiges,True,ich glaub das chunt scho guet wie mer s mache
"kurzes update: es lauft imfall solid, aber langsam",neutral,status_update,True,kurzes update es lauft im fall solid aber langsam
ich bi grad mitten im process,neutral,status_update,True,ich bi grad mitten im process
"es isch no nöd alles fertig, aber ich bi dra",neutral,status_update,True,es isch no ned alles fertig aber ich bi dra
"ich ha s gröbschte gmacht, aber es brucht no feinarbeit",neutral,status_update,True,ich ha s groebschte gmacht aber es brucht no feinarbeit
"ich bi no nöd ganz dort, wo ich wott sii",neutral,status_update,True,ich bi no ned ganz dort wo ich wott sii
"bis jetzt isch no nüt eskaliert, alles chillig",neutral,status_update,True,bis jetzt isch no nuet eskaliert alles chillig
ich ha es bitzeli fortschritt gmacht,neutral,status_update,True,ich ha es bitzeli fortschritt gmacht
"im momänt isch s chli viel, aber im rahme",neutral,status_update,True,im momaent isch s chli viel aber im rahme
"es lauft, aber ich bruch no es chli zit",neutral,status_update,True,es lauft aber ich bruch no es chli zit
"ich gib dir bschaid, sobald öppis neus isch",neutral,status_update,True,ich gib dir bschaid sobald oeppis neus isch
"es chunnt langsam, aber sicher",neutral,status_update,True,es chunnt langsam aber sicher
"ich bi druf und dra, langsam vorwärts",neutral,status_update,True,ich bi druf und dra langsam vorwaerts
"nöd spektakulär, aber es bewegt sich öppis",neutral,status_update,True,ned spektakulaer aber es bewegt sich oeppis
ich bi imfall steady am schaffe,neutral,status_update,True,ich bi im fall steady am schaffe
"es isch no weni fertig, aber s chunnt guet",neutral,status_update,True,es isch no weni fertig aber s chunnt guet
ich mues no es paar sache optimiere,neutral,status_update,True,ich mues no es paar sache optimiere
"ich gib mir müeh, Schritt für Schritt",neutral,status_update,True,ich gib mir mueeh schritt fuer schritt
"ich bi imfall no dran, kei sorge",neutral,status_update,True,ich bi im fall no dran kei sorge
update: es funktioniert zu 80% aktuell,neutral,status_update,True,update es funktioniert zu <NUM> aktuell
es bruucht eifach no chli geduld,neutral,status_update,True,es bruucht eifach no chli geduld
ich bi grad am usprobieren vo verschidene sache,neutral,status_update,True,ich bi grad am usprobieren vo verschidene sache
"ich mues no öppis teste, bevor ich sicher bi",neutral,status_update,True,ich mues no oeppis teste bevor ich sicher bi
"ich bi am dokumentiere, aber es dauert",neutral,status_update,True,ich bi am dokumentiere aber es dauert
es isch guet unterwegs,neutral,status_update,True,es isch guet unterwegs
"ich mach morgä wiiter, hüt nüm",neutral,status_update,True,ich mach morgae wiiter huet nuem
"es het sich nöd viel verändert, aber ich bi dran",neutral,status_update,True,es het sich ned viel veraendert aber ich bi dran
ich bi eifach am durchackere,neutral,status_update,True,ich bi eifach am durchackere
ich ha dr status chli aktualisiert,neutral,status_update,True,ich ha dr status chli aktualisiert
"ich bi zwüschet dur chli im stress, aber okay",neutral,status_update,True,ich bi zwueschet dur chli im stress aber okay
"ich meld mich, sobald ich e klarheit ha",neutral,status_update,True,ich meld mich sobald ich e klarheit ha
ich versueche mini längfristige plän z ordne,neutral,planung_langfristig,True,ich versueche mini laengfristige plaen z ordne
"ich überleg mer, wie s nöchschte jahr sött usegseh",neutral,planung_langfristig,True,ich ueberleg mer wie s noechschte jahr soett usegseh
"ich ha nöd ganz klar, wohi, aber ich wott struktur iibringe",neutral,planung_langfristig,True,ich ha ned ganz klar wohi aber ich wott struktur iibringe
ich probier imfall chli vorus z plane,neutral,planung_langfristig,True,ich probier im fall chli vorus z plane
ich möcht mir es paar ziel setze,neutral,planung_langfristig,True,ich moecht mir es paar ziel setze
"ich bin am luege, wie sich job und privat verbinde lah",neutral,planung_langfristig,True,ich bi am luege wie sich job und privat verbinde lah
ich wott meh ruhe i mini plän ine bringe,neutral,planung_langfristig,True,ich wott meh ruhe i mini plaen ine bringe
"ich mues no ussortiere, was mir würkli wichtig isch",neutral,planung_langfristig,True,ich mues no ussortiere was mir wuerkli wichtig isch
"ich denk grad vil drüber nach, wie s langfristig witergoht",neutral,planung_langfristig,True,ich denk grad vil drueber nach wie s langfristig witergoht
ich probier Schritt für Schritt öppis z verändere,neutral,planung_langfristig,True,ich probier schritt fuer schritt oeppis z veraendere
"ich ha s ziel, mini ressourcen besser z nutze",neutral,planung_langfristig,True,ich ha s ziel mini ressourcen besser z nutze
ich möcht chli planklarheit schaffe,neutral,planung_langfristig,True,ich moecht chli planklarheit schaffe
ich bin am reflektieren über nächste schritt,neutral,planung_langfristig,True,ich bi am reflektieren ueber naechste schritt
langfristig wott ich es paar sache ändere,neutral,planung_langfristig,True,langfristig wott ich es paar sache aendere
"ich möcht luege, was nachhaltig passt",neutral,planung_langfristig,True,ich moecht luege was nachhaltig passt
ich probier grad s grosse ganze z gseh,neutral,planung_langfristig,True,ich probier grad s grosse ganze z gseh
"ich ha s gfühl, ich bruch en neustart i ein paar bereiche",neutral,planung_langfristig,True,ich ha s gfuehl ich bruch en neustart i ein paar bereiche
"ich wott guet vorbereitet sii uf s, was chunt",neutral,planung_langfristig,True,ich wott guet vorbereitet sii uf s was chunt
"ich probiere, ziele realistischer z setze",neutral,planung_langfristig,True,ich probiere ziele realistischer z setze
"ich ha s gfühl, ich wachs chli in öpperes neus ine",neutral,planung_langfristig,True,ich ha s gfuehl ich wachs chli in oepperes neus ine
"ich plane langsam, aber durchdacht",neutral,planung_langfristig,True,ich plane langsam aber durchdacht
"ich ha e vision, aber no nöd alles detaili",neutral,planung_langfristig,True,ich ha e vision aber no ned alles detaili
ich wott längerfristig stabilität ufbaue,neutral,planung_langfristig,True,ich wott laengerfristig stabilitaet ufbaue
ich probier bewusster z entscheide,neutral,planung_langfristig,True,ich probier bewusster z entscheide
ich reflektier grad vil über mini zukunft,neutral,planung_langfristig,True,ich reflektier grad vil ueber mini zukunft
ich wott d priorität neu setze,neutral,planung_langfristig,True,ich wott d prioritaet neu setze
ich probier chli strategie uftue,neutral,planung_langfristig,True,ich probier chli strategie uftue
ich möcht langfristig meh ruum für mich ha,neutral,planung_langfristig,True,ich moecht langfristig meh ruum fuer mich ha
"ich plane drüber, wie ich wott schritt für schritt wiitercho",neutral,planung_langfristig,True,ich plane drueber wie ich wott schritt fuer schritt wiitercho
"ich probiere, d richtung richtig z fühle",neutral,planung_langfristig,True,ich probiere d richtung richtig z fuehle
"nur chli feedback: es isch übersichtlich, aber chönnt no klarer sii",neutral,feedback_sachlich,True,nur chli feedback es isch uebersichtlich aber choennt no klarer sii
"grundsätzlich guet, aber es het no verbesserigspotenzial",neutral,feedback_sachlich,True,grundsaetzlich guet aber es het no verbesserigspotenzial
"vo minere sicht funktioniert s, aber d doku chönnt besser sii",neutral,feedback_sachlich,True,vo minere sicht funktioniert s aber d doku choennt besser sii
"ich find s sachlich okay, struktur passt",neutral,feedback_sachlich,True,ich find s sachlich okay struktur passt
ich würd no meh erläuterige erwarte,neutral,feedback_sachlich,True,ich wuerd no meh erlaeuterige erwarte
d zeitplän chönnt optimiert wärde,neutral,feedback_sachlich,True,d zeitplaen choennt optimiert waerde
"inhaltlich imfall solid, optisch chönd mer no schaffe",neutral,feedback_sachlich,True,inhaltlich im fall solid optisch choend mer no schaffe
"es isch lösbar, aber d anleitig isch knapp",neutral,feedback_sachlich,True,es isch loesbar aber d anleitig isch knapp
"ich find s fair, aber chli streng formuliert",neutral,feedback_sachlich,True,ich find s fair aber chli streng formuliert
vo mir us es nüchternes aber positives feedback,neutral,feedback_sachlich,True,vo mir us es nuechternes aber positives feedback
"es isch guet, aber nöd ganz konsistent",neutral,feedback_sachlich,True,es isch guet aber ned ganz konsistent
ich würd no meh beispiel integriere,neutral,feedback_sachlich,True,ich wuerd no meh beispiel integriere
"d gliederig isch guet, aber chli steif",neutral,feedback_sachlich,True,d gliederig isch guet aber chli steif
"ich würd drüber luege, öb mer s flüssiger mache cha",neutral,feedback_sachlich,True,ich wuerd drueber luege oeb mer s fluessiger mache chan
"ich finds sachlich, aber wenig lebhaft",neutral,feedback_sachlich,True,ich finds sachlich aber wenig lebhaft
mini rückmeldung: chli meh details wär guet,neutral,feedback_sachlich,True,mini rueckmeldung chli meh details waer guet
"es isch solid, aber chli trocken",neutral,feedback_sachlich,True,es isch solid aber chli trocken
"ich ha s gfühl, mer chönt s no visuell unterstütze",neutral,feedback_sachlich,True,ich ha s gfuehl mer choent s no visuell unterstuetze
"es isch verständlich, aber lang",neutral,feedback_sachlich,True,es isch verstaendlich aber lang
ich würd die abschnitt klarer trenne,neutral,feedback_sachlich,True,ich wuerd die abschnitt klarer trenne
"es het struktur, aber chli chaotisch",neutral,feedback_sachlich,True,es het struktur aber chli chaotisch
"ich finds eigentlich guet, aber chli technisch",neutral,feedback_sachlich,True,ich finds eigentlich guet aber chli technisch
ich würd en mini-redesign empfählen,neutral,feedback_sachlich,True,ich wuerd en mini redesign empfaehlen
"es hed substanzi, aber chli repetitiv",neutral,feedback_sachlich,True,es hed substanzi aber chli repetitiv
mini empfehlig: meh praxisbezug,neutral,feedback_sachlich,True,mini empfehlig meh praxisbezug
"ich würd eso la, aber optimierbar isch s immer",neutral,feedback_sachlich,True,ich wuerd eso la aber optimierbar isch s immer
"es isch logisch, aber wenig intuitiv",neutral,feedback_sachlich,True,es isch logisch aber wenig intuitiv
"es würd nüt schade, wenn mer s chli kürzt",neutral,feedback_sachlich,True,es wuerd nuet schade wenn mer s chli kuerzt
ich ha s feedback nüchtern analysiert,neutral,feedback_sachlich,True,ich ha s feedback nuechtern analysiert
"es isch guet, aber nöd wow",neutral,feedback_sachlich,True,es isch guet aber ned wow
ich bi grad wieder vil am gamä,neutral,hobby_talk,True,ich bi grad wieder vil am gamae
"ich go gern jogge, wenn ich kopf lüfte möcht",neutral,hobby_talk,True,ich go gern jogge wenn ich kopf luefte moecht
ich ha wieder aagfange meh z läse,neutral,hobby_talk,True,ich ha wieder aagfange meh z laese
ich bi voll im kochfilm im momänt,neutral,hobby_talk,True,ich bi voll im kochfilm im momaent
ich lueg grad vil series zum abchille,neutral,hobby_talk,True,ich lueg grad vil series zum abchille
musik lose hilft mer zum entspanne,neutral,hobby_talk,True,musik lose hilft mer zum entspanne
ich bi am übe uf mim instrument,neutral,hobby_talk,True,ich bi am uebe uf mim instrument
ich ha neu mit fotografie aagfange,neutral,hobby_talk,True,ich ha neu mit fotografie aagfange
"ich bi gern drausse, wenn s wetter stimmt",neutral,hobby_talk,True,ich bi gern drausse wenn s wetter stimmt
ich probier grad meh kreativität i mis läbe z bringe,neutral,hobby_talk,True,ich probier grad meh kreativitaet i mis laebe z bringe
ich mache gern chli bastleprojekt,neutral,hobby_talk,True,ich mache gern chli bastleprojekt
ich ha wieder meh lust uf games,neutral,hobby_talk,True,ich ha wieder meh lust uf games
ich ha en neue workout-routine,neutral,hobby_talk,True,ich ha en neue workout routine
ich versueche neue rezepte us,neutral,hobby_talk,True,ich versueche neue rezepte us
ich bi imfall gern am stricke oder häkle,neutral,hobby_talk,True,ich bi im fall gern am stricke oder haekle
ich lese grad en mega spannende romanreihe,neutral,hobby_talk,True,ich lese grad en mega spannende romanreihe
ich bi viel am zeichne in letzter zit,neutral,hobby_talk,True,ich bi viel am zeichne in letzter zit
ich ha wieder zu skateboard gfunde,neutral,hobby_talk,True,ich ha wieder zu skateboard gfunde
ich verbring gern zit i de natur,neutral,hobby_talk,True,ich verbring gern zit i de natur
ich cha stundenlang podcasts lose,neutral,hobby_talk,True,ich chan stundenlang podcasts lose
ich lern grad öppis neus im bereich design,neutral,hobby_talk,True,ich lern grad oeppis neus im bereich design
ich probier grad en neue sportart us,neutral,hobby_talk,True,ich probier grad en neue sportart us
"ich bi imfall am gärtnere, mega chillig",neutral,hobby_talk,True,ich bi im fall am gaertnere mega chillig
ich interessier mi grad für astronomie,neutral,hobby_talk,True,ich interessier mi grad fuer astronomie
ich sammle chli vinyl-platte,neutral,hobby_talk,True,ich sammle chli vinyl platte
ich bi gern am improvisiere bim musigiere,neutral,hobby_talk,True,ich bi gern am improvisiere bim musigiere
ich entdecke grad mini alte hobbys wieder,neutral,hobby_talk,True,ich entdecke grad mini alte hobbys wieder
ich bi am experimentiere mit digital art,neutral,hobby_talk,True,ich bi am experimentiere mit digital art
ich schätz ruigi hobbys wie puzzlen,neutral,hobby_talk,True,ich schaetz ruigi hobbys wie puzzlen
"ich ha gern alles, wo kreativität bruucht",neutral,hobby_talk,True,ich ha gern alles wo kreativitaet bruucht
"hesch gseh, was grad i de nöi passiert isch?",neutral,news_teilen,True,hesch gseh was grad i de noei passiert isch
ich ha es spannends artikel glese über das thema,neutral,news_teilen,True,ich ha es spannends artikel glese ueber das thema
es het wieder es update zu dere sach geh,neutral,news_teilen,True,es het wieder es update zu dere sach geh
"imfall, d app het jetzt es neus feature",neutral,news_teilen,True,imfall d app het jetzt es neus feature
"ich ha ghört, dass sich öppis a de regel gänderet het",neutral,news_teilen,True,ich ha ghoert dass sich oeppis a de regel gaenderet het
es lauft grad en spannende entwicklung i dem bereich,neutral,news_teilen,True,es lauft grad en spannende entwicklung i dem bereich
"ich bi über en beitrag gstolpert, wo guet passt",neutral,news_teilen,True,ich bi ueber en beitrag gstolpert wo guet passt
grad i de nöi git s vil diskussion drum,neutral,news_teilen,True,grad i de noei git s vil diskussion drum
"es git en neus projekt, wo spannend chönt sii",neutral,news_teilen,True,es git en neus projekt wo spannend choent sii
"ich ha gseh, dass d termi chli gschobe worde sind",neutral,news_teilen,True,ich ha gseh dass d termi chli gschobe worde sind
ich ha öppis interessantes uf social media gseh,neutral,news_teilen,True,ich ha oeppis interessantes uf social media gseh
"es het en bericht geh, wo ich mega spannend gfunde ha",neutral,news_teilen,True,es het en bericht geh wo ich mega spannend gfunde ha
"es git es update zur situation, falls di das interessiert",neutral,news_teilen,True,es git es update zur situation falls di das interessiert
"ich ha grad es video gseh, wo guet erklärt, was lauft",neutral,news_teilen,True,ich ha grad es video gseh wo guet erklaert was lauft
es het en neue entwurf für die regelige geh,neutral,news_teilen,True,es het en neue entwurf fuer die regelige geh
ich ha grad en newsletter über das thema becho,neutral,news_teilen,True,ich ha grad en newsletter ueber das thema becho
es het öppis neus im technologiebereich,neutral,news_teilen,True,es het oeppis neus im technologiebereich
"ich bi über en artikel gstolpert, wo relevant chönnt sii",neutral,news_teilen,True,ich bi ueber en artikel gstolpert wo relevant choennt sii
"ich ha gseh, dass en event churz vor verschobig gstande isch",neutral,news_teilen,True,ich ha gseh dass en event churz vor verschobig gstande isch
"es het neue info, aber no nöd 100% bestätigt",neutral,news_teilen,True,es het neue info aber no ned <NUM> bestaetigt
"ich ha gsehen, dass s projekt offiziell startet",neutral,news_teilen,True,ich ha gsehen dass s projekt offiziell startet
"ich bi über en trend gstolpert, wo grad ufchunnt",neutral,news_teilen,True,ich bi ueber en trend gstolpert wo grad ufchunnt
"ich ha neus glese über öppis, wo mir im chopf blibe isch",neutral,news_teilen,True,ich ha neus glese ueber oeppis wo mir im chopf blibe isch
es het en update zu dere debatte geh,neutral,news_teilen,True,es het en update zu dere debatte geh
"ich ha gseh, dass öppis i de statistik ufgfüert worde isch",neutral,news_teilen,True,ich ha gseh dass oeppis i de statistik ufgfueert worde isch
es git neue erkenntnisse zu em thema,neutral,news_teilen,True,es git neue erkenntnisse zu em thema
ich ha en bericht gseh über es zukunftsprojekt,neutral,news_teilen,True,ich ha en bericht gseh ueber es zukunftsprojekt
"ich ha gseh, dass öppis in planig isch",neutral,news_teilen,True,ich ha gseh dass oeppis in planig isch
"es het en neue entwiklig, aber no früeh",neutral,news_teilen,True,es het en neue entwiklig aber no frueeh
"ich ha s gfuehl, es chunnt da bald öppis gross us dem use",neutral,news_teilen,True,ich ha s gfuehl es chunnt da bald oeppis gross us dem use
mini app spinnt scho wieder und ich weiss nöd warum,neutral,technik_support,True,mini app spinnt scho wieder und ich weiss ned warum
ich chum nöd druus mit dem update,neutral,technik_support,True,ich chum ned druus mit dem update
mis wlan macht grad komische sache,neutral,technik_support,True,mis wlan macht grad komische sache
"ich weiss nöd, wie ich das programm installiere",neutral,technik_support,True,ich weiss noed wie ich das programm installiere
dä login will eifach nöd funktioniere,neutral,technik_support,True,dae login will eifach ned funktioniere
"ich ha s gfühl, mis handy isch mega langsam worde",neutral,technik_support,True,ich ha s gfuehl mis handy isch mega langsam worde
"ich bechum ständig fehlermeldig und check nöd, was s heisst",neutral,technik_support,True,ich bechum staendig fehlermeldig und check noed was s heisst
"ich weiss nöd, welches kabel wohi ghört",neutral,technik_support,True,ich weiss noed welches kabel wohi ghoert
ich ha öppis verstellt und find s nüm,neutral,technik_support,True,ich ha oeppis verstellt und find s nuem
"ich bruch chli hilf, zum das wieder zum laufe bringe",neutral,technik_support,True,ich bruch chli hilf zum das wieder zum laufe bringe
mis gerät reagiert mega verzögert,neutral,technik_support,True,mis geraet reagiert mega verzoegert
"ich weiss nöd, wie ich d einstellige zruggsetze",neutral,technik_support,True,ich weiss noed wie ich d einstellige zruggsetze
mis programm stürzt die ganze zit ab,neutral,technik_support,True,mis programm stuerzt die ganze zit ab
"ich ha kei plan, wieso der button nüt macht",neutral,technik_support,True,ich ha kei plan wieso der button nuet macht
"ich weiss nöd, ob ich öppis falsch installiert ha",neutral,technik_support,True,ich weiss noed ob ich oeppis falsch installiert ha
ich find die funktion nüm im menü,neutral,technik_support,True,ich find die funktion nuem im menue
"ich ha s gfühl, mini verbindig bricht ständig ab",neutral,technik_support,True,ich ha s gfuehl mini verbindig bricht staendig ab
"ich weiss nöd, wie ich das update rückgängig mache",neutral,technik_support,True,ich weiss noed wie ich das update rueckgaengig mache
mis gerät zeigt komische icons a,neutral,technik_support,True,mis geraet zeigt komische icons a
ich cha eifach nöd druf zugriffe,neutral,technik_support,True,ich chan eifach ned druf zugriffe
"ich weiss nöd, wie ich das dokument exportiere",neutral,technik_support,True,ich weiss noed wie ich das dokument exportiere
"ich weiss nöd, wieso d app nöd synchronisiert",neutral,technik_support,True,ich weiss noed wieso d app ned synchronisiert
ich cha d datei nüm ufmache,neutral,technik_support,True,ich chan d datei nuem ufmache
"ich ha fehler im system, aber kei ahnig, woher",neutral,technik_support,True,ich ha fehler im system aber kei ahnig woher
"ich weiss nöd, wie mer das backup macht",neutral,technik_support,True,ich weiss noed wie mer das backup macht
mini lautsprecher funktioniere plötzlich nüm,neutral,technik_support,True,mini lautsprecher funktioniere ploetzlich nuem
ich cha s passwort nöd zruggsetze,neutral,technik_support,True,ich chan s passwort ned zruggsetze
"ich weiss nöd, wie ich d verbindig wiederherstelle",neutral,technik_support,True,ich weiss noed wie ich d verbindig wiederherstelle
"ich ha abstürz und kei ahnig, wieso",neutral,technik_support,True,ich ha abstuerz und kei ahnig wieso
"ich bruch chli technischa support, ehrlich",neutral,technik_support,True,ich bruch chli technischa support ehrlich
